variant,frame,time,force_norm,moved_mass,target_zone_mass,forward_transport,peak_force,current_force,work,force_violation,efficiency,reward,trench_depth_m,ridge_height_m,depth_completion,lateral_spillage_mass,target_transport_error,target_mass_error,intuitive_score
no_posterior,0,0.027199999999999985,31.533533096313477,0.0,4543.916360099546,6.73339319229126,31.533533096313477,31.533533096313477,0.16961672270161898,0.0,0.03363843775361345,29.618168449343493,0.0004184046993032098,0.0,0.005977209990045853,0.0,0.9981296130021413,0.5942931821339691,26.8867284105304
no_posterior,1,0.05440000000000004,68.84300231933594,0.0,4545.544128811744,27.038742065429688,68.84300231933594,68.84300231933594,1.1594565446950469,0.0,0.1344144716329656,36.68213865239269,0.0022747518960386515,0.0,0.03249645565769502,0.0,0.9924892383151585,0.5941478456418086,28.918771262939824
no_posterior,2,0.08159999999999995,91.43643188476562,0.0,4563.449584645917,66.54813385009766,91.43643188476562,91.43643188476562,3.0558347357684283,0.0,0.3277331771169989,50.32165320589713,0.006838334258645773,0.0,0.09769048940922531,0.0,0.9815144072638617,0.5925491442280432,33.70584181629841
no_posterior,3,0.10879999999999979,150.8302459716797,0.0,4644.024135899697,126.508056640625,150.8302459716797,150.8302459716797,6.745698115352468,0.0,0.6119017604421477,70.69645856257469,0.013303413055837154,0.0,0.19004875794053075,0.0,0.964858873155382,0.5853549878660984,40.9187201598946
no_posterior,4,0.13599999999999962,307.9123840332031,5.697190492691532,4767.734558026714,202.99078369140625,307.9123840332031,307.9123840332031,14.612811486566356,0.0,0.9458465330440555,95.24120041081764,0.0202611293643713,0.0,0.28944470520530424,11.394380985383064,0.9436136711968316,0.5743094144619005,49.199493774121585
no_posterior,5,0.16319999999999946,509.7034912109375,35.810911668346776,4930.511429246471,291.0627746582031,509.7034912109375,509.7034912109375,26.844786017868348,0.0,1.2830921960678274,122.08211930103062,0.023513102903962135,0.0,0.3359014700566019,32.55537424395161,0.9191492292616102,0.5597757652458508,55.09284475036189
no_posterior,6,0.1903999999999993,734.1812744140625,82.20231996597782,5098.171606602822,386.9588623046875,734.1812744140625,734.1812744140625,41.38809026147138,0.0,1.6030569771919319,148.9632254696691,0.021822180598974228,0.0,0.31174543712820324,74.87736076108871,0.8925114271375868,0.5448061065533195,57.295266000424
no_posterior,7,0.21759999999999913,899.0111694335938,174.17125220514112,5329.314763734878,487.3797302246094,899.0111694335938,899.0111694335938,53.058862214954104,0.0,1.92595400911357,179.84914607227896,0.01709917187690735,0.0,0.24427388395581925,484.2611918787802,0.8646167416042752,0.5241683246665287,56.69179537412122
no_posterior,8,0.24479999999999896,910.494384765625,1058.8635472845262,5478.255600900958,592.6596069335938,910.494384765625,910.494384765625,56.437517010169074,0.0,2.3111267565037754,274.0564001049683,0.013346903026103973,0.0,0.19067004323005673,4435.669740738407,0.835372331407335,0.510870035633843,47.65389256887381
no_posterior,9,0.2719999999999996,813.608642578125,11968.983340788809,5670.332308940272,699.6969604492188,910.494384765625,813.608642578125,56.79346923946167,0.0,2.7247459311231412,1122.4211443751135,0.010649568401277065,0.0,0.15213669144681521,7481.225001260081,0.8056397332085503,0.49372032955890427,42.00866078424082
no_posterior,10,0.29920000000000035,735.0882568359375,18428.783475144908,5787.531656218498,796.6156616210938,910.494384765625,735.0882568359375,57.57731376496548,0.0,3.0927244716434568,1633.3677543105691,0.010248021222651005,0.0,0.14640030318072864,7642.374103767641,0.7787178717719184,0.4832561021233484,44.66264760031149
no_posterior,11,0.32640000000000113,665.5858764648438,18834.911768838203,5909.614309633316,869.9701538085938,910.494384765625,665.5858764648438,58.69027232604884,0.0,3.362979774949164,1683.4776099344272,0.010030752047896385,0.0,0.14329645782709122,7782.362213016632,0.7583416239420573,0.47235586521131107,46.88810601500748
no_posterior,12,0.3536000000000019,593.9153442382812,19093.72699407762,5947.052990013861,913.7239379882812,910.494384765625,593.9153442382812,60.029520555575516,0.0,3.5139238653981715,1713.67930953131,0.01068029087036848,0.0,0.15257558386240685,7934.558587607106,0.7461877950032552,0.4690131258916196,48.450627960133815
no_posterior,13,0.3808000000000027,529.30126953125,19271.967668063255,5937.286377740676,929.6220703125,910.494384765625,529.30126953125,61.51935809336436,0.0,3.5546969719183004,1729.8426990824978,0.011565592139959335,0.0,0.1652227448565619,8024.899751134072,0.7417716471354167,0.46988514484458255,49.305302460836195
no_posterior,14,0.40800000000000347,477.4165954589844,19451.022226404988,5913.68373141381,928.4398193359375,910.494384765625,477.4165954589844,63.119410154312106,0.0,3.5285873390770894,1741.3023087750348,0.011886135675013065,0.0,0.16980193821447234,8108.7298398122475,0.7421000501844618,0.4719925239809098,49.17776292506005
no_posterior,15,0.43520000000000425,430.6583251953125,19569.849342395413,5894.15050686744,926.6035766601562,910.494384765625,430.6583251953125,64.7840023850901,0.0,3.4994696368119143,1748.0587042174081,0.011771338991820812,0.0,0.16816198559744017,8199.071003339213,0.742610117594401,0.47373656188683577,48.69734341742675
no_posterior,16,0.46240000000000503,404.467529296875,19724.487370054183,5878.686704101562,940.11572265625,910.494384765625,404.467529296875,66.54583755933953,0.0,3.5270320904822143,1761.4929338119207,0.010874586179852486,0.0,0.15535123114074978,8259.298445690523,0.7388567437065973,0.47511725856236053,48.12777542130176
no_posterior,17,0.4896000000000058,369.66180419921875,19841.68671733241,5894.964391223538,977.0775146484375,910.494384765625,369.66180419921875,68.32895302044352,0.0,3.641342105091416,1778.3820380293087,0.010196967981755733,0.0,0.14567097116793903,8315.456466261341,0.7285895792643229,0.47366389364075556,48.57615123550189
no_posterior,18,0.5168000000000066,309.0354309082031,19950.747221049645,5985.305554750504,1035.210205078125,910.494384765625,309.0354309082031,69.95704609317971,0.0,3.83472193098752,1800.6400152308215,0.009328809566795826,0.0,0.13326870809708322,8361.033990202872,0.7124416097005208,0.4655977183258479,49.9191813086002
no_posterior,19,0.5440000000000074,277.0589294433594,20024.810697454635,6052.857956306703,1108.362548828125,910.494384765625,277.0589294433594,71.5335054725262,0.0,4.081862924795737,1823.8997707619828,0.010535966604948044,0.0,0.1505138086421149,8406.611514144404,0.6921215142144097,0.4595662539011872,53.17777276493717
no_posterior,20,0.5712000000000081,239.98374938964844,20077.71318060106,6131.804738848286,1185.1329345703125,910.494384765625,239.98374938964844,72.99466684806538,0.0,4.3412310879680875,1846.4967337759135,0.01228018943220377,0.0,0.17543127760291097,8457.886228578629,0.6707964070638021,0.452517434031403,57.01073077829214
no_posterior,21,0.5984000000000089,218.3884735107422,20126.546241966986,6231.9125146484375,1255.02880859375,910.494384765625,218.3884735107422,74.40637648659839,0.0,4.573613866640755,1867.0264851350892,0.013106047175824642,0.0,0.18722924536892344,8524.624745778729,0.6513808865017361,0.44357923976353236,60.01530739604076
no_posterior,22,0.6256000000000097,207.6532745361328,20167.240459771925,6313.300950258316,1316.91796875,910.494384765625,207.6532745361328,75.82190824400521,0.0,4.774522724224616,1884.6303322511783,0.015388017520308495,1.1049515791228259e-07,0.21982882171869275,8597.874337827621,0.634189453125,0.43631241515550745,63.816647052351065
no_posterior,23,0.6528000000000105,207.26724243164062,20196.54029659148,6362.947895980343,1370.3712158203125,910.494384765625,207.26724243164062,77.30311426165343,0.0,4.941780835996233,1898.833591766268,0.014074714854359627,3.5290481719130185e-06,0.20106735506228035,8666.24062373992,0.6193413289388021,0.43187965214461227,64.38679268579563
no_posterior,24,0.6800000000000113,211.80038452148438,20224.21236469884,6384.92277359501,1426.8321533203125,910.494384765625,211.80038452148438,78.88164875631418,0.0,5.116264048507091,1913.2544815916285,0.015684856101870537,3.889726031047758e-06,0.2240693728838648,8716.701453818045,0.6036577351888021,0.42991760950044555,67.22164373765828
no_posterior,25,0.707200000000012,229.22120666503906,20250.256664094002,6440.266909809728,1491.1187744140625,910.494384765625,229.22120666503906,80.65500589377342,0.0,5.312995468103084,1929.310855432417,0.017857283353805542,9.924696314556058e-06,0.2551040479115077,8769.603936964466,0.5858003404405382,0.4249761687669886,70.90322777881367
no_posterior,26,0.7344000000000128,239.8766632080078,20278.742616557458,6555.024604019657,1568.5704345703125,910.494384765625,239.8766632080078,82.57328675361913,0.0,5.5510216573938855,1948.7974510890888,0.015839867293834686,2.168145147152245e-05,0.22628381848335263,8829.017494959677,0.5642859903971355,0.41472994606967345,71.9870207449429
no_posterior,27,0.7616000000000136,259.0231628417969,20305.60080030872,6697.454366336945,1654.8150634765625,910.494384765625,259.0231628417969,84.70619777829432,0.0,5.81236051898384,1969.959857806311,0.017309289425611496,3.056393688893877e-05,0.24727556322302136,8894.12824344758,0.5403291490342882,0.4020130030056299,76.20107526985245
no_posterior,28,0.7888000000000144,266.1807861328125,20333.27286841608,6779.656686302923,1744.14990234375,910.494384765625,266.1807861328125,86.95514023358209,0.0,6.078127406688057,1991.1318891003596,0.018316488713026047,7.026550883892924e-05,0.26166412447180065,8955.169570154989,0.515513916015625,0.39467351015152474,79.79843315914995
no_posterior,29,0.8160000000000152,284.59796142578125,20347.108902469758,6927.783639112903,1831.4652099609375,910.494384765625,284.59796142578125,89.41416591974138,0.0,6.328180944912104,2010.5618059638462,0.020503904670476913,0.00020284601487219334,0.2929129238639559,9010.513706369708,0.4912596638997396,0.38144788936491936,84.6638473478996
no_posterior,30,0.8432000000000159,305.4601745605469,20366.642127016126,7015.683149571572,1913.0986328125,910.494384765625,305.4601745605469,92.10489184755278,0.0,6.549354996118761,2028.0360555649306,0.017464686185121536,0.00029328008531592786,0.24949551693030764,9063.416189516129,0.4685837131076389,0.3735997187882525,84.9213599253763
no_posterior,31,0.8704000000000167,327.924072265625,20376.408739289313,7074.282823210685,1993.6192626953125,910.494384765625,327.924072265625,95.04118864686751,0.0,6.757087957239285,2043.6611044500746,0.018778450787067413,0.0007564001716673374,0.2682635826723916,9122.82974751134,0.4462168714735243,0.36836760507047456,88.38184120126992
no_posterior,32,0.8976000000000175,361.75921630859375,20388.617004630796,7237.873578786542,2076.995849609375,910.494384765625,361.75921630859375,98.32471987039497,0.0,6.962198273450859,2059.9155969952044,0.020515456795692444,0.0011715658474713564,0.29307795422417776,9175.732230657763,0.4230567084418403,0.3537612876083445,92.87980236695896
no_posterior,33,0.9248000000000183,385.7532653808594,20396.755848191784,7340.423007654989,2164.995849609375,910.494384765625,385.7532653808594,101.8643634601869,0.0,7.172081609079761,2075.8327155722823,0.022658653557300568,0.001668010139837861,0.3236950508185795,9228.634713804184,0.39861226399739585,0.3446050886022331,97.47108385162666
no_posterior,34,0.952000000000019,411.296142578125,20412.21965095766,7507.269300655242,2258.182861328125,910.494384765625,411.296142578125,105.66979053295307,0.0,7.387654689038298,2093.0832374835727,0.024223094806075096,0.0024733347818255424,0.34604421151535847,9274.212237745714,0.3727269829644097,0.329708098155782,102.14317636241361
no_posterior,35,0.9792000000000198,443.92510986328125,20417.102957094252,7654.582369109123,2351.8603515625,910.494384765625,443.92510986328125,109.80076518569166,0.0,7.591525315158008,2108.6038119659624,0.02284982055425644,0.00354251591488719,0.3264260079179491,9323.045299111644,0.34670545789930557,0.3165551456152569,104.39918693278585
no_posterior,36,1.0064000000000197,470.1606750488281,20421.986263230847,7797.012131426411,2442.28271484375,910.494384765625,470.1606750488281,114.19014073007492,0.0,7.773263378566512,2122.5457762136402,0.022295203059911728,0.004726985935121775,0.3185029008558818,9357.228442067792,0.321588134765625,0.30383820255121335,107.21629179951263
no_posterior,37,1.0336000000000167,502.9954833984375,20427.683453723537,7946.766852948588,2531.481201171875,910.494384765625,502.9954833984375,118.88971660198439,0.0,7.938422186035842,2135.4321464034733,0.026510082185268402,0.005762164480984211,0.37871545978954857,9386.528278887348,0.2968107774522569,0.2904672452724475,113.801580903272
no_posterior,38,1.0608000000000137,546.6805419921875,20434.194528572327,8080.24388734879,2621.130615234375,910.494384765625,546.6805419921875,123.98883105907152,0.0,8.090188191569096,2147.3443477171268,0.029249276965856552,0.007319975178688765,0.4178468137979507,9396.294891160534,0.27190816243489585,0.2785496529152866,119.19429384800274
no_posterior,39,1.0880000000000107,579.1014404296875,20443.147256489414,8286.156629441784,2711.6787109375,910.494384765625,579.1014404296875,129.36791244383056,0.0,8.232977799256453,2159.245905811815,0.0303737074136734,0.008617207407951355,0.43391010590962,9425.594727980091,0.2467559136284722,0.26016458665698355,123.71477950952772
no_posterior,40,1.1152000000000077,614.029052734375,20450.472215694303,8442.422425812752,2804.52880859375,910.494384765625,614.029052734375,135.03347169945044,0.0,8.370891404873175,2170.3861450564677,0.03193465620279312,0.010436681099236012,0.456209374325616,9471.172251921622,0.22096421983506945,0.24621228340957568,128.31336455297546
no_posterior,41,1.1424000000000047,659.5792846679688,20454.5416374748,8622.290868510585,2896.24560546875,910.494384765625,659.5792846679688,141.06341201273534,0.0,8.491809744050189,2180.2341224957454,0.031086042523384094,0.011502319015562534,0.44408632176262985,9533.84134734123,0.1954873318142361,0.23015260102584062,131.08149208048835
no_posterior,42,1.1696000000000017,695.4735717773438,20461.052712323588,8824.134188823084,2983.16845703125,910.494384765625,695.4735717773438,147.3464914901353,0.0,8.58845138821842,2188.697674153518,0.03250338137149811,0.01307606790214777,0.46433401959283005,9605.463170677924,0.17134209526909722,0.21213087599793895,135.60199668413512
no_posterior,43,1.1967999999999988,737.528564453125,20466.74990281628,8997.491556672127,3069.416259765625,910.494384765625,737.528564453125,153.91299166433708,0.0,8.672799055302162,2196.068656363406,0.03427935019135475,0.014885424636304379,0.48970500273363926,9676.271109658517,0.1473843722873264,0.19665253958284584,140.22224507458628
no_posterior,44,1.2239999999999958,794.2821655273438,20467.563787172377,9190.38214906754,3155.614501953125,910.494384765625,794.2821655273438,160.862598912897,0.0,8.744642729558155,2202.3152644895345,0.036156415939331055,0.016740093007683754,0.5165202277047293,9729.173592804938,0.12344041612413194,0.17943016526182679,145.0786761873158
no_posterior,45,1.2511999999999928,829.6567993164062,20469.191555884576,9403.619850365423,3238.998046875,910.494384765625,829.6567993164062,167.9749463465643,0.0,8.802224387919233,2207.7466359543205,0.03988578915596008,0.018078552559018135,0.5697969879422868,9795.09822564894,0.1002783203125,0.1603910847888015,151.39783623018135
no_posterior,46,1.2783999999999898,880.440185546875,20470.819324596774,9607.09093939012,3321.261962890625,910.494384765625,880.440185546875,175.34665530733872,0.0,8.848518871631166,2212.329274396644,0.037319764494895935,0.020195305347442627,0.5331394927842276,9820.328640688003,0.07742723253038195,0.14222402326873926,152.78456573590626
no_posterior,47,1.3055999999999868,934.7736206054688,20470.819324596774,9804.864837922127,3399.82470703125,934.7736206054688,934.7736206054688,182.96487587021437,0.0,8.877641061222127,2215.553556872735,0.03864629566669464,0.02209859900176525,0.5520899380956377,9834.978559097783,0.055604248046875,0.12456563947123868,157.12030882719762
no_posterior,48,1.3327999999999838,977.6957397460938,20471.633208952873,10030.310804561492,3476.50146484375,977.6957397460938,977.6957397460938,190.69243059211584,0.0,8.898307703517371,2218.413011653379,0.04205435886979103,0.023567885160446167,0.600776555282729,9853.697899288054,0.03430514865451389,0.10443653530700966,163.18957613192296
no_posterior,49,1.3599999999999808,1044.8685302734375,20474.888746377266,10213.434784683719,3549.891357421875,1044.8685302734375,1044.8685302734375,198.66987451247695,0.0,8.904338111232871,2220.177092087756,0.038819242268800735,0.02521674893796444,0.5545606038400105,9891.136579668599,0.0139190673828125,0.08808617993895365,163.65548332771584
no_posterior,50,1.3871999999999778,1080.404541015625,20478.144283801663,10432.369676474294,3621.693359375,1080.404541015625,1080.404541015625,206.60321440783736,0.0,8.907193133358541,2221.9337662933394,0.042878083884716034,0.027696656063199043,0.6125440554959433,9930.20302876134,0.006025933159722222,0.06853842174336656,168.80682475108244
no_posterior,51,1.4143999999999748,1155.2760009765625,20479.77205251386,10613.052003528226,3690.107666015625,1155.2760009765625,1155.2760009765625,214.72233755217457,0.0,8.897778903822337,2222.479972546766,0.04386888071894646,0.02997005544602871,0.6266982959849493,9954.619559444303,0.0250299072265625,0.052406071113551236,168.67247203552435
no_posterior,52,1.4415999999999718,1187.4954833984375,20483.841474294353,10843.381276304182,3756.268798828125,1187.4954833984375,1187.4954833984375,222.66650007414427,0.0,8.887074793410878,2223.4169137886543,0.03992572799324989,0.032025840133428574,0.5703675427607127,9992.058239824848,0.04340799967447917,0.03184095747284086,164.97960704909448
no_posterior,53,1.4687999999999688,1258.69384765625,20485.46924300655,11016.738644153225,3815.567138671875,1258.69384765625,1258.69384765625,230.63247333516046,0.0,8.860379499764818,2222.709514177148,0.044668737798929214,0.034067489206790924,0.6381248256989888,10014.847001795615,0.0598797607421875,0.016362621057747738,168.008201465983
no_posterior,54,1.4959999999999658,1298.3990478515625,20490.352549143143,11236.487420299898,3876.146484375,1298.3990478515625,1298.3990478515625,238.35110361544793,0.0,8.842561253764803,2223.1460513386373,0.04052392393350601,0.03658618405461311,0.5789131990500859,10052.285682176158,0.07670735677083333,0.003257805383919471,163.82701871527624
no_posterior,55,1.5231999999999628,1353.2108154296875,20491.98031785534,11383.800488753779,3924.840576171875,1353.2108154296875,1353.2108154296875,245.8446832426227,0.0,8.803156623123908,2221.3927890283576,0.04370803013443947,0.039115481078624725,0.6244004304919923,10065.307831873739,0.09023349338107639,0.01641075792444456,164.0887054941787
no_posterior,56,1.5503999999999598,1411.0731201171875,20496.049739635837,11584.016040354081,3978.310546875,1411.0731201171875,1411.0731201171875,253.051770262474,0.0,8.781138951449586,2221.3571871038516,0.0420679897069931,0.042136020958423615,0.6009712815284728,10087.282709488407,0.10508626302083333,0.034287146460185824,160.0979228883496
no_posterior,57,1.5775999999999568,1429.2674560546875,20503.374698840726,11743.537374149446,4019.585693359375,1429.2674560546875,1429.2674560546875,259.70407824020657,0.0,8.74385476140815,2220.252995467133,0.04435800388455391,0.04453326761722565,0.6336857697793415,10109.257587103075,0.11655158148871528,0.04853012269191481,159.76995724626013
no_posterior,58,1.6047999999999538,1496.998291015625,20507.444120621218,11889.222673891129,4055.404541015625,1496.998291015625,1496.998291015625,265.95887541286646,0.0,8.703352924487815,2218.5964347390354,0.04487015679478645,0.047642070800065994,0.6410022399255207,10099.490974829889,0.12650126139322918,0.06153773874027934,158.35631660138785
no_posterior,59,1.6319999999999508,1532.1583251953125,20509.885773689515,12080.485497574344,4102.953125,1532.1583251953125,1532.1583251953125,271.5956514015663,0.0,8.700150463232989,2219.7022869603006,0.047999899834394455,0.05134588107466698,0.6857128547770636,10127.976927293346,0.1397092013888889,0.07861477656913783,158.31338407862228
no_posterior,60,1.6591999999999478,1523.754150390625,20509.071889333416,12189.546001291583,4129.48095703125,1532.1583251953125,1523.754150390625,276.4059006745767,0.0,8.667988686084758,2218.043707025607,0.04485943168401718,0.054542530328035355,0.6408490240573882,10135.301886498235,0.14707804361979165,0.08835232154389132,154.45773634457868
no_posterior,61,1.6863999999999448,1579.7342529296875,20512.327426757813,12240.006831369707,4139.349609375,1579.7342529296875,1579.7342529296875,280.5315932821206,0.0,8.614105018782363,2214.8182855186255,0.04322304204106331,0.058750174939632416,0.6174720291580472,10118.21031502016,0.1498193359375,0.09285775280086665,152.64774829033587
no_posterior,62,1.7135999999999418,1595.35400390625,20515.582964182206,12367.786675277217,4170.37158203125,1595.35400390625,1595.35400390625,283.79139101065374,0.0,8.62018559966358,2216.2543793748578,0.04066966846585274,0.06294291466474533,0.5809952637978962,10132.86023342994,0.1584365505642361,0.10426666743546581,149.00160048558058
no_posterior,63,1.7407999999999388,1564.461181640625,20522.094039031,12458.941723160282,4188.21630859375,1595.35400390625,1564.461181640625,286.06322012510935,0.0,8.616608159563548,2217.0389468493195,0.03916573524475098,0.06776466220617294,0.5595105034964425,10132.86023342994,0.16339341905381943,0.11240551099645375,146.79522698857804
no_posterior,64,1.7679999999999358,1584.430908203125,20524.535692099293,12467.08056672127,4189.828125,1595.35400390625,1584.430908203125,287.39066091419517,0.0,8.59644728756429,2215.859483557965,0.037329595535993576,0.07294492423534393,0.5332799362284796,10126.349158581148,0.16384114583333334,0.11313219345725624,145.27681643805852
no_posterior,65,1.7951999999999328,1571.0003662109375,20525.34957645539,12530.563546496975,4199.08203125,1595.35400390625,1571.0003662109375,287.856426385373,0.0,8.607208605125587,2217.054659100761,0.035504404455423355,0.0782845988869667,0.5072057779346193,10131.232464717741,0.16641167534722223,0.1188003166515156,143.20504850753898
no_posterior,66,1.8223999999999299,1530.077880859375,20527.79122952369,12546.027349262853,4200.9912109375,1595.35400390625,1530.077880859375,292.4511381180053,0.0,8.530777747803322,2211.979854519512,0.03173239156603813,0.08438977599143982,0.45331987951483044,10132.86023342994,0.16694200303819445,0.12018101332704045,140.09447661966374
no_posterior,67,1.8495999999999269,1507.3782958984375,20531.046766948082,12533.005199565272,4197.4033203125,1595.35400390625,1507.3782958984375,302.6467224493279,0.0,8.350603182806275,2199.532443908243,0.02920789271593094,0.09233549237251282,0.4172556102275848,10123.907505512852,0.1659453667534722,0.11901832138975643,138.30856223305364
no_posterior,68,1.8767999999999239,1489.853759765625,20531.86065130418,12540.33015877016,4196.80810546875,1595.35400390625,1489.853759765625,317.219297348416,0.0,8.114175412603839,2183.085742367022,0.029569551348686218,0.10136574506759644,0.4224221621240888,10113.327008883569,0.165780029296875,0.11967233560447864,138.59319665063734
no_posterior,69,1.9039999999999209,1476.2056884765625,20530.232882591987,12543.585696194556,4195.828125,1595.35400390625,1476.2056884765625,335.01525706306876,0.0,7.842445742636807,2163.9599805252956,0.027834316715598106,0.11239121109247208,0.39763309593711577,10114.954777595765,0.1655078125,0.1199630085887996,137.23405652427996
no_posterior,70,1.9311999999999179,1478.2139892578125,20531.86065130418,12522.424702935987,4189.4775390625,1595.35400390625,1478.2139892578125,355.0979636794457,0.0,7.547276000244548,2143.2908053269057,0.026270726695656776,0.12482023984193802,0.37529609565223965,10110.071471459172,0.16374376085069445,0.1180736341907131,136.31694427475946
no_posterior,71,1.9583999999999149,1485.9527587890625,20534.30230437248,12519.983049867691,4185.4560546875,1595.35400390625,1485.9527587890625,376.4554814128109,0.0,7.2606752639935666,2123.3946649489217,0.025525206699967384,0.13812269270420074,0.36464580999953405,10114.954777595765,0.1626266818576389,0.11785562945247242,135.84484850581035
wrong_posterior,0,0.027199999999999985,33.18842697143555,0.0,4543.916360099546,6.7127275466918945,33.18842697143555,33.18842697143555,0.19388679853307167,0.0,0.033531131514756535,29.61065410021441,0.0004192735068500042,0.0,0.00598962152642863,0.0,0.9981353534592523,0.5942931821339691,26.88683699932035
wrong_posterior,1,0.05440000000000004,74.52287292480469,0.0,4545.544128811744,27.196680068969727,74.52287292480469,74.52287292480469,1.3576448434872646,0.0,0.1350665383979305,36.727759543344376,0.002299198880791664,0.0,0.03284569829702377,0.0,0.9924453666475084,0.5941478456418086,28.942366774867914
wrong_posterior,2,0.08159999999999995,100.60392761230469,0.0,4562.6357002898185,67.58888244628906,100.60392761230469,100.60392761230469,3.6237855485809405,0.0,0.3319301930479216,50.6104928608276,0.007001022342592478,0.0,0.10001460489417824,0.0,0.9812253104315863,0.5926218124741234,33.85785441520315
wrong_posterior,3,0.10879999999999979,178.38156127929688,0.0,4644.024135899697,128.91598510742188,178.38156127929688,178.38156127929688,8.363355729031682,0.0,0.6187075681151537,71.17267098077144,0.013783224858343601,0.0,0.19690321226205143,0.0,0.9641900041368272,0.5853549878660984,41.36260204943371
wrong_posterior,4,0.13599999999999962,360.8013916015625,11.394380985383064,4767.734558026714,207.0521240234375,360.8013916015625,360.8013916015625,18.375411911036778,0.0,0.9481476060491084,95.82911329607226,0.020714377984404564,0.0,0.2959196854914937,12.208265341481855,0.9424855211046007,0.5743094144619005,49.66639798819484
wrong_posterior,5,0.16319999999999946,611.4051513671875,42.32198651713709,4945.16134765625,296.43524169921875,611.4051513671875,611.4051513671875,34.31125430762957,0.0,1.2651344579036994,121.40041177746481,0.02395367994904518,0.0,0.34219542784350254,31.741489887852822,0.9176568773057726,0.5584677368164063,55.67530418302934
wrong_posterior,6,0.1903999999999993,892.8758544921875,93.59670095136089,5098.171606602822,393.5743103027344,892.8758544921875,892.8758544921875,53.52082393798024,0.0,1.5524338560804611,146.27272963772873,0.021781232208013535,0.0,0.311160460114479,87.08562610257056,0.8906738026936849,0.5448061065533195,57.41633404570566
wrong_posterior,7,0.21759999999999913,1102.435546875,218.9348917905746,5352.103525705645,497.7573547363281,1102.435546875,1102.435546875,69.06454147951618,0.0,1.8499552263530878,178.02131613826558,0.016280263662338257,0.0,0.2325751951762608,612.0410357862903,0.8617340681287977,0.5221336137762818,56.149441436890534
wrong_posterior,8,0.24479999999999896,1122.4486083984375,1569.9829229145664,5494.533288022933,607.3660278320312,1122.4486083984375,1122.4486083984375,73.61143012517269,0.0,2.2198123358887876,306.0939490873302,0.011348522268235683,0.0,0.16212174668908116,5051.780198305191,0.8312872144911024,0.5094166707122381,45.04644052673076
wrong_posterior,9,0.2719999999999996,1030.3504638671875,13523.5024609375,5684.168342993951,718.1160278320312,1122.4486083984375,1030.3504638671875,75.00159003609579,0.0,2.6113159118017237,1231.1508082635926,0.008130376227200031,0.0,0.11614823181714329,7598.424348538306,0.8005233256022135,0.4924849693755401,40.32823630896566
wrong_posterior,10,0.29920000000000035,995.0003051757812,18832.47011576991,5813.575955613659,819.5440063476562,1122.4486083984375,995.0003051757812,78.23824989998312,0.0,2.945475708829586,1653.4906254445082,0.006614093203097582,0.0,0.09448704575853688,7832.009158738659,0.7723488871256511,0.4809307182487804,42.12137922113705
wrong_posterior,11,0.32640000000000113,954.1607666015625,19269.526014994957,5925.891996755292,897.4179077148438,1122.4486083984375,954.1607666015625,83.04696886493358,0.0,3.17056180221128,1702.6991636236792,0.006164375692605972,0.0,0.08806250989437102,7996.413798670615,0.7507172478569879,0.4709025002897061,44.172016242984185
wrong_posterior,12,0.3536000000000019,898.740234375,19572.290995463707,5963.330677135837,948.9012451171875,1122.4486083984375,898.740234375,89.07721481357467,0.0,3.2825182909318267,1733.467399822043,0.006173628848046064,0.0,0.08819469782922948,8138.029676631804,0.7364163208007812,0.4675597609700146,45.472617645899035
wrong_posterior,13,0.3808000000000027,886.9195556640625,19819.71183971774,5957.633486643145,986.252685546875,1122.4486083984375,886.9195556640625,96.40558603223863,0.0,3.3273755017545623,1755.1289053511846,0.00791627075523138,0.0,0.11308958221759113,8295.109357358871,0.7260409206814236,0.4680684386925763,47.45361304541052
wrong_posterior,14,0.40800000000000347,874.7286987304688,20064.691030903476,5957.633486643145,1028.941162109375,1122.4486083984375,874.7286987304688,104.88947707468552,0.0,3.3748005079799013,1776.8210770589635,0.010086922906339169,0.0,0.1440988986619881,8485.558296685987,0.7141830105251736,0.4680684386925763,49.86879411715955
wrong_posterior,15,0.43520000000000425,868.8032836914062,20312.925759513608,6009.722085433467,1100.7696533203125,1122.4486083984375,868.8032836914062,114.46208806112637,0.0,3.5004844625541653,1804.5479414043457,0.013503529131412506,0.0,0.19290755902017864,8607.640950100806,0.6942306518554687,0.46341767094344044,54.5455995739873
wrong_posterior,16,0.46240000000000503,869.8073120117188,20423.614031943045,6060.996799867691,1213.9102783203125,1122.4486083984375,869.8073120117188,125.09159589223319,0.0,3.734056166504901,1829.5059538587705,0.018247656524181366,0.0,0.2606808074883052,8671.123929876512,0.6628027004665799,0.45883957144038473,61.554792396882505
wrong_posterior,17,0.4896000000000058,867.48388671875,20452.0999844065,6267.723426316784,1365.0994873046875,1122.4486083984375,867.48388671875,136.63435530495818,0.0,4.055140141795805,1855.3572531914579,0.023119647055864334,0.0,0.3302806722266333,8727.281950447328,0.6208056979709201,0.44038183693600147,70.64184289841441
wrong_posterior,18,0.5168000000000066,861.566162109375,20470.819324596774,6477.705590190272,1539.560302734375,1122.4486083984375,861.566162109375,148.9329165559674,0.0,4.412195667666212,1883.0135076725478,0.027291297912597656,5.811278697365196e-06,0.38987568446568077,8779.37054923765,0.5723443603515626,0.42163342944729715,79.85412732328776
wrong_posterior,19,0.5440000000000074,849.458984375,20497.67750834803,6725.126434444304,1718.487060546875,1122.4486083984375,849.458984375,161.78215369198634,0.0,4.750060341588763,1910.1613817855384,0.035981435328722,5.9664511354640126e-05,0.5140205046960286,8853.43402564264,0.5226424831814236,0.3995422826389014,92.90304600450402
wrong_posterior,20,0.5712000000000081,843.635009765625,20514.769079826106,6973.361163054436,1887.5250244140625,1122.4486083984375,843.635009765625,175.16322845097503,0.0,5.031210100754098,1932.611535430657,0.040624186396598816,0.0003255249175708741,0.5803455199514116,8957.611223223286,0.475687493218316,0.3773784675844254,102.42662582445018
wrong_posterior,21,0.5984000000000089,842.1043090820312,20526.97734516759,7124.7436532888105,2044.7196044921875,1122.4486083984375,842.1043090820312,189.0404037702473,0.0,5.255802699864877,1950.1552669493908,0.047129034996032715,0.0006850123754702508,0.673271928514753,9051.207924174647,0.43202233208550345,0.36386217381349906,112.54866175144699
wrong_posterior,22,0.6256000000000097,856.34326171875,20538.371726152975,7328.2147423135075,2201.29296875,1122.4486083984375,856.34326171875,203.58131000532822,0.0,5.4543976992416665,1966.1305771050702,0.04909064248204231,0.0012467179913073778,0.7012948926006044,9138.293550277218,0.38852973090277776,0.34569511229343686,119.40232982798904
wrong_posterior,23,0.6528000000000105,883.4307861328125,20559.53271941154,7605.7493077431955,2371.40087890625,1122.4486083984375,883.4307861328125,218.9215666317149,0.0,5.660727610595927,1983.824111956044,0.05431417375802994,0.001993743935599923,0.7759167679718562,9236.773557365172,0.3412775336371528,0.32091524038007185,129.5962443566192
wrong_posterior,24,0.6800000000000113,914.6322631835938,20566.85767861643,7901.189329007056,2559.204833984375,1122.4486083984375,914.6322631835938,235.04809706469032,0.0,5.882579078615827,2001.673791601735,0.054227884858846664,0.0033402363769710064,0.7746840694120951,9347.461829794607,0.2891097683376736,0.29453666705294146,136.18310905097016
wrong_posterior,25,0.707200000000012,945.7008056640625,20579.87982831401,8258.484561334424,2753.8857421875,1122.4486083984375,945.7008056640625,251.86466406885748,0.0,6.0944923583753585,2019.6261358181441,0.060609448701143265,0.005810976028442383,0.8658492671591894,9442.686299458164,0.23503173828125,0.26263530702371213,148.4405251604437
wrong_posterior,26,0.7344000000000128,975.4849853515625,20596.971399792084,8604.38541267641,2939.86279296875,1122.4486083984375,975.4849853515625,269.24353359787426,0.0,6.2651109338208,2034.9246236038891,0.05793806537985802,0.008908570744097233,0.8276866482836859,9529.771925560735,0.18337144639756944,0.23175130243960618,153.29735654336955
wrong_posterior,27,0.7616000000000136,1033.8677978515625,20607.55189642137,8954.355685798891,3114.072265625,1122.4486083984375,1033.8677978515625,287.57634889483677,0.0,6.386840281903544,2046.336836917777,0.06255678832530975,0.01158763375133276,0.8936684046472821,9614.415898595009,0.13497992621527777,0.20050395662509898,163.58497270695378
wrong_posterior,28,0.7888000000000144,1124.250244140625,20617.318508694556,9321.417530399445,3289.431640625,1124.250244140625,1124.250244140625,307.28672756768435,0.0,6.48436369781843,2056.0959777744706,0.06346532702445984,0.015593240037560463,0.9066475289208548,9674.64334094632,0.08626898871527777,0.16773057764290666,171.14961931996453
wrong_posterior,29,0.8160000000000152,1209.41064453125,20629.526774036036,9819.514756331904,3472.420166015625,1209.41064453125,1209.41064453125,328.1065679289758,0.0,6.575226245780426,2066.3580610071726,0.06663214415311813,0.01954229176044464,0.9518877736159732,9751.148470419606,0.0354388427734375,0.12325761104179427,181.42032737776915
wrong_posterior,30,0.8432000000000159,1291.8369140625,20640.10727066532,10282.614954952116,3650.51611328125,1291.8369140625,1291.8369140625,349.78469363454576,0.0,6.639901320548277,2074.454853304755,0.0713525116443634,0.02278713695704937,1.0193215949194772,9906.600382434475,0.01403225368923611,0.0819093790221325,188.5061640385516
wrong_posterior,31,0.8704000000000167,1391.900634765625,20656.384957787297,10720.484738533265,3812.441162109375,1391.900634765625,1391.900634765625,372.3751400794289,0.0,6.660738552656777,2079.7587939344116,0.07220906764268875,0.027021827176213264,1.0315581091812678,10053.099566532257,0.059011433919270835,0.04281386263095848,186.18320662072995
wrong_posterior,32,0.8976000000000175,1519.58154296875,20661.268263923892,11222.65138624622,3966.58544921875,1519.58154296875,1519.58154296875,396.02304599374554,0.0,6.655087376034741,2082.7396216686816,0.07126327604055405,0.030894603580236435,1.0180468005793435,10073.446675434727,0.10182929144965278,0.002022445200555337,184.50199522841177
wrong_posterior,33,0.9248000000000183,1649.995361328125,20669.40710748488,11755.745639490928,4118.1005859375,1649.995361328125,1649.995361328125,420.40572366576896,0.0,6.637754019426235,2085.332339571308,0.07552185654640198,0.03469261899590492,1.0788836649485996,10091.3521312689,0.14391682942708334,0.04962014638311855,177.1546272142167
wrong_posterior,34,0.952000000000019,1782.3511962890625,20679.173719758062,12279.07328046245,4256.77490234375,1782.3511962890625,1782.3511962890625,445.13734742227905,0.0,6.598245969408199,2086.436270041512,0.07744298875331879,0.03891716152429581,1.1063284107616969,10126.349158581148,0.1824374728732639,0.0963458286127187,170.17790095639404
wrong_posterior,35,0.9792000000000198,1937.3316650390625,20684.870910250756,12794.262077872983,4382.404296875,1937.3316650390625,1937.3316650390625,470.0464675128177,0.0,6.540448326132197,2085.905867989197,0.07776100188493729,0.042994461953639984,1.110871455499104,10178.437757371472,0.21733452690972221,0.14234482838151638,163.56803907080052
wrong_posterior,36,1.0064000000000197,2096.851806640625,20690.568100743447,13334.68129032258,4500.79443359375,2096.851806640625,2096.851806640625,494.625823637777,0.0,6.479451642069611,2085.3029551437303,0.0802794098854065,0.046501751989126205,1.1468487126486642,10201.226519342237,0.25022067599826386,0.19059654377880178,157.0860907561959
wrong_posterior,37,1.0336000000000167,2228.3525390625,20695.451406880038,13807.548101215978,4600.23046875,2228.3525390625,2228.3525390625,517.9562162903175,0.0,6.407396947573501,2083.459775707489,0.07667374610900879,0.05066675320267677,1.0953392301286968,10222.387512600806,0.277841796875,0.2328167947514266,151.52675987215525
wrong_posterior,38,1.0608000000000137,2350.017578125,20693.823638167843,14217.745816689767,4683.232421875,2350.017578125,2350.017578125,539.3431039548749,0.0,6.334315417055458,2080.6806057841345,0.07046198099851608,0.055319204926490784,1.0065997285502297,10254.942886844758,0.3008978949652778,0.26944159077587204,146.75914988592865
wrong_posterior,39,1.0880000000000107,2470.96240234375,20693.009753811744,14627.943532163557,4749.2705078125,2470.96240234375,2470.96240234375,558.1586726276881,0.0,6.264217081830761,2078.1716094163,0.06564608961343765,0.05977974086999893,0.9378012801919664,10271.220573966733,0.31924180772569444,0.3060663868003176,139.08252306105123
wrong_posterior,40,1.1152000000000077,2518.3154296875,20693.009753811744,14885.944873046874,4787.5029296875,2518.3154296875,2518.3154296875,573.2982412279679,0.0,6.19101748128268,2074.5938286750024,0.061880309134721756,0.06748497486114502,0.8840044162103107,10288.312145444808,0.32986192491319444,0.3291022208077566,133.52162568413146
wrong_posterior,41,1.1424000000000047,2570.96044921875,20689.754216387348,15091.857615139868,4810.2353515625,2570.96044921875,2570.96044921875,584.3328324275652,0.0,6.132900667532282,2071.5156387072584,0.0554964616894722,0.0715571939945221,0.7928065955638884,10276.103880103326,0.3361764865451389,0.3474872870660597,126.70978074194778
wrong_posterior,42,1.1696000000000017,2526.496337890625,20684.057025894657,15170.804397681452,4810.2197265625,2570.96044921875,2526.496337890625,590.5361240610954,0.0,6.084756382607443,2068.191185775822,0.046181757003068924,0.07786326110363007,0.6597393857581274,10289.126029800907,0.33617214626736114,0.35453610693584386,118.90078956462877
wrong_posterior,43,1.1967999999999988,2466.167724609375,20681.61537282636,15154.526710559476,4791.333984375,2570.96044921875,2466.167724609375,592.3225878927735,0.0,6.0472010486509316,2065.2813079203515,0.04077494889497757,0.08809766918420792,0.582499269928251,10272.034458322833,0.33092610677083334,0.3530827420142389,115.31438479223786
wrong_posterior,44,1.2239999999999958,2365.023193359375,20679.173719758062,15095.927036920362,4769.20263671875,2570.96044921875,2365.023193359375,600.8209215549653,0.0,5.955392158659294,2058.3189437989404,0.037274040281772614,0.09879668056964874,0.5324862897396088,10252.501233776462,0.32477851019965276,0.3478506282964609,113.56735099200209
wrong_posterior,45,1.2511999999999928,2253.74560546875,20677.545951045868,15025.932982295866,4747.96337890625,2570.96044921875,2253.74560546875,618.196919288712,0.0,5.802959247309102,2047.1045079035378,0.03588477522134781,0.11052452027797699,0.5126396460192544,10240.29296843498,0.3188787163628472,0.3416011591335595,113.50250113000544
wrong_posterior,46,1.2783999999999898,2166.820556640625,20675.91818233367,14993.377608051915,4734.07275390625,2570.96044921875,2166.820556640625,642.0384513432984,0.0,5.622157451781465,2034.128106333878,0.033798698335886,0.1227559968829155,0.48283854765551426,10232.96800923009,0.31502020941840275,0.33869442929034954,112.45654125226505
wrong_posterior,47,1.3055999999999868,2120.385009765625,20671.034876197074,14951.055621534777,4715.08447265625,2570.96044921875,2120.385009765625,670.6061864596746,0.0,5.415863734934127,2019.0639381470028,0.03032618947327137,0.1378675252199173,0.43323127818959095,10217.504206464213,0.3097456868489583,0.3349156804941765,110.53987186724966
wrong_posterior,48,1.3327999999999838,2095.865478515625,20670.220991840975,14900.594791456653,4694.93896484375,2570.96044921875,2095.865478515625,702.294610906474,0.0,5.203332601229952,2003.8191498696008,0.030102528631687164,0.15323472023010254,0.4300361233098166,10207.737594191029,0.3041497124565972,0.3304102492372012,111.24100535048453
wrong_posterior,49,1.3599999999999808,2057.098876953125,20666.965454416582,14846.878423954133,4673.80712890625,2570.96044921875,2057.098876953125,735.0904912697563,0.0,4.998240461797128,1988.892301091815,0.0266752690076828,0.17096780240535736,0.38107527153832566,10199.59875063004,0.2982797580295139,0.32561414499590474,109.46724783034763
wrong_posterior,50,1.3871999999999778,2018.2509765625,20665.337685704384,14766.303872700351,4647.9794921875,2570.96044921875,2018.2509765625,767.2670277105071,0.0,4.805270270805294,1974.7749965770763,0.02793252468109131,0.18842490017414093,0.39903606687273296,10168.671145098286,0.29110541449652777,0.3184199886339599,111.71746510439444
wrong_posterior,51,1.4143999999999748,1961.365966796875,20663.709916992186,14685.729321446572,4619.61962890625,2570.96044921875,1961.365966796875,796.9218867309546,0.0,4.6338832464142445,1962.1688163256827,0.028351109474897385,0.20934291183948517,0.40501584964139115,10140.999076990927,0.28322767469618054,0.31122583227201533,113.37092747050015
wrong_posterior,52,1.4415999999999718,1883.8572998046875,20657.198842143396,14564.460552387853,4581.20654296875,2570.96044921875,1883.8572998046875,822.3028792868472,0.0,4.481261508492057,1950.2663057240113,0.027621494606137276,0.2280384600162506,0.39459278008767534,10092.166015625,0.272557373046875,0.30039826360605826,114.69056342667835
wrong_posterior,53,1.4687999999999688,1783.398681640625,20635.22396452873,14430.98351798765,4528.505859375,2570.96044921875,1783.398681640625,841.9256460576189,0.0,4.346285050674885,1938.3666209172957,0.024990275502204895,0.24889400601387024,0.3570039357457842,10032.752457629787,0.25791829427083335,0.2884806712488973,115.01026226368201
wrong_posterior,54,1.4959999999999658,1681.2059326171875,20308.856337733116,14271.462184192287,4463.3896484375,2570.96044921875,1681.2059326171875,854.887459673243,0.0,4.231152439540858,1904.8710827078364,0.021122543141245842,0.26856574416160583,0.301750616303512,9929.38914440524,0.23983045789930554,0.2742376950171685,114.96431506963356
wrong_posterior,55,1.5231999999999628,1585.831298828125,19462.416607390373,14056.596714182208,4390.89453125,2570.96044921875,1585.831298828125,860.5858679002786,0.0,4.140065094345434,1833.7221121394034,0.018261928111314774,0.2846888601779938,0.26088468730449677,9576.977218214466,0.21969292534722223,0.2550532780519828,116.85845914811007
wrong_posterior,56,1.5503999999999598,1480.4498291015625,18252.170569871472,13851.497856445312,4318.369140625,2570.96044921875,1480.4498291015625,860.8207672688668,0.0,4.0707811101236695,1736.8731590956168,0.013724032789468765,0.3002377152442932,0.1960576112781252,9052.835692886845,0.19954698350694444,0.23674088003976002,117.80822383480094
wrong_posterior,57,1.5775999999999568,1358.7518310546875,17054.132797694052,13663.490570186492,4246.83984375,2570.96044921875,1358.7518310546875,860.8207672688668,0.0,4.003352851663801,1641.1723043725667,0.007963837124407291,0.31446632742881775,0.11376910177724701,8435.911350963961,0.179677734375,0.2199545151952225,117.90270529514923
wrong_posterior,58,1.6047999999999538,1217.756591796875,16142.582318863406,13430.719644342238,4180.91943359375,2570.96044921875,1217.756591796875,860.8207672688668,0.0,3.941211901759545,1567.0595264119047,0.004338931292295456,0.33133426308631897,0.061984732747077935,7931.303050182712,0.1613665093315972,0.19917139681627125,119.49811094941515
wrong_posterior,59,1.6319999999999508,1064.085205078125,15333.58126890121,13133.651854366179,4118.71728515625,2570.96044921875,1064.085205078125,860.8207672688668,0.0,3.8825760319154408,1500.4975300357962,0.001679677632637322,0.34153005480766296,0.02399539475196174,7487.73607610887,0.144088134765625,0.17264748699698024,121.96950638971951
wrong_posterior,60,1.6591999999999478,946.07763671875,14592.94650485131,12790.19265609249,4059.77685546875,2570.96044921875,946.07763671875,860.8207672688668,0.0,3.827014874455029,1438.9998865201828,0.0006505529163405299,0.3443930149078369,0.009293613090578998,7075.096707566784,0.1277157931857639,0.14198148715111514,125.823030967666
wrong_posterior,61,1.6863999999999448,859.2785034179688,13971.952741147932,12421.503042779737,4001.79638671875,2570.96044921875,859.2785034179688,860.8207672688668,0.0,3.772358639830896,1386.3872801388636,0.0005332694854587317,0.34405380487442017,0.007618135506553309,6782.0983393712195,0.111610107421875,0.10906277167676226,130.21366070325536
wrong_posterior,62,1.7135999999999418,777.92822265625,13455.950059381299,12069.90500094506,3948.025634765625,2570.96044921875,777.92822265625,860.8207672688668,0.0,3.721670763412752,1342.0293394060882,0.0006153655122034252,0.3423488140106201,0.00879093588862036,6585.952209551411,0.09667378743489584,0.07767008937009466,134.3026863974499
wrong_posterior,63,1.7407999999999388,687.8560791015625,13068.541105878276,11689.821006646926,3896.80322265625,2570.96044921875,687.8560791015625,860.8207672688668,0.0,3.673385121115939,1307.3131689667957,0.0008961139828898013,0.3411885201931,0.01280162832699716,6406.083766853579,0.08244533962673611,0.04373401845061835,138.6016349788871
wrong_posterior,64,1.7679999999999358,626.6624145507812,12727.523560672882,11333.339658675655,3853.076416015625,2570.96044921875,626.6624145507812,860.8207672688668,0.0,3.632165333579915,1276.7125798610416,0.0011138871777802706,0.33871012926101685,0.01591267396828958,6231.098630292338,0.07029900444878472,0.011905326667469223,142.4937038142611
wrong_posterior,65,1.7951999999999328,581.2305908203125,12423.130811491936,11041.155174836189,3817.86572265625,2570.96044921875,581.2305908203125,860.8207672688668,0.0,3.5989733991402955,1249.8065813586607,0.0004151688772253692,0.3350823223590851,0.005930983960362417,6103.318786384828,0.06051825629340278,0.014182573675340272,143.09421423362045
wrong_posterior,66,1.8223999999999299,531.9901123046875,12165.12947060862,10690.371017357611,3786.108642578125,2570.96044921875,531.9901123046875,860.8207672688668,0.0,3.5690370695943674,1226.2562327793255,0.00016200056415982544,0.3310195207595825,0.002314293773711792,5989.374976530998,0.051696845160590275,0.045502587735927594,142.02649599733235
wrong_posterior,67,1.8495999999999269,498.2140197753906,11989.33044969128,10336.331322454636,3762.201904296875,2570.96044921875,498.2140197753906,860.8207672688668,0.0,3.546500992795269,1209.3695426651705,5.351012441678904e-05,0.33099377155303955,0.0007644303488112719,5922.636459330897,0.04505608452690972,0.07711327478083603,140.71748120741205
wrong_posterior,68,1.8767999999999239,453.77459716796875,11817.600850554434,10079.143865927419,3744.88916015625,2570.96044921875,453.77459716796875,860.8207672688668,0.0,3.530180852131736,1193.8042881442962,0.0,0.3321989178657532,0.0,5858.339595199092,0.040246988932291665,0.10007644054219474,139.82448348353046
wrong_posterior,69,1.9039999999999209,399.7544860839844,11673.54331952495,9856.953436712449,3728.94482421875,2570.96044921875,399.7544860839844,860.8207672688668,0.0,3.51515066378187,1180.6147175573046,0.0,0.3361159563064575,0.0,5797.298268491683,0.03581800672743055,0.11991487172210279,139.13048699409106
wrong_posterior,70,1.9311999999999179,337.52001953125,11532.741325919858,9616.043667307207,3710.298583984375,2570.96044921875,337.52001953125,860.8207672688668,0.0,3.497573481274046,1167.3787066449436,0.0,0.34167617559432983,0.0,5740.326363564768,0.030638495551215277,0.1414246725618565,138.3927308194459
wrong_posterior,71,1.9583999999999149,270.3725280761719,11393.567101026965,9341.764639301915,3687.01025390625,2570.96044921875,270.3725280761719,860.8207672688668,0.0,3.4756203570548796,1153.7582469146032,0.0,0.34824198484420776,0.0,5677.657268145161,0.024169514973958334,0.16591387149090045,137.60450368533273
estimated_posterior,0,0.027199999999999985,33.194374084472656,0.0,4543.916360099546,6.713563442230225,33.194374084472656,33.194374084472656,0.19392154156889774,0.0,0.03353530112469573,29.61094596874099,0.00041906331898644567,0.0,0.005986618842663509,0.0,0.9981351212660472,0.5942931821339691,26.88669507103378
estimated_posterior,1,0.05440000000000004,74.62236785888672,0.0,4545.544128811744,27.21636390686035,74.62236785888672,74.62236785888672,1.3592333112444521,0.0,0.13516322772639658,36.73452760572087,0.0023152739740908146,0.0,0.03307534248701163,0.0,0.992439898914761,0.5941478456418086,28.95554397859198
estimated_posterior,2,0.08159999999999995,100.70745849609375,0.0,4563.449584645917,67.67508697509766,100.70745849609375,100.70745849609375,3.627706087814431,0.0,0.3323471460505123,50.644562406680826,0.007016915827989578,0.0,0.1002416546855654,0.0,0.9812013647291395,0.5925491442280432,33.87746015996933
estimated_posterior,3,0.10879999999999979,178.47610473632812,0.0,4644.024135899697,129.10183715820312,178.47610473632812,178.47610473632812,8.36978827312985,0.0,0.6195804018813765,71.23376857250176,0.013827661983668804,0.0,0.19753802833812575,0.0,0.9641383785671658,0.5853549878660984,41.40267949058395
estimated_posterior,4,0.13599999999999962,360.83636474609375,11.394380985383064,4768.548442382812,207.32394409179688,360.83636474609375,360.83636474609375,18.38281494221193,0.0,0.9493601598031355,95.91887447662702,0.020749885588884354,0.0,0.29642693698406214,12.208265341481855,0.9424100155300564,0.5742367462158203,49.706570813735745
estimated_posterior,5,0.16319999999999946,611.4096069335938,42.32198651713709,4945.16134765625,296.79254150390625,611.4096069335938,611.4096069335938,34.318773469988564,0.0,1.2666187054018498,121.50430820003587,0.024021007120609283,0.0,0.3431572445801326,30.927605531754033,0.917557627360026,0.5584677368164063,55.7401638090089
estimated_posterior,6,0.1903999999999993,893.4318237304688,91.96893223916331,5098.171606602822,393.9930725097656,893.4318237304688,893.4318237304688,53.540304371037024,0.0,1.5539662362051385,146.25791125538936,0.0218267273157835,0.0,0.3118103902254786,87.08562610257056,0.8905574798583984,0.5448061065533195,57.46371248533929
estimated_posterior,7,0.21759999999999913,1102.2489013671875,214.86547001008063,5354.545178773941,498.3114318847656,1102.2489013671875,1102.2489013671875,69.08139031650184,0.0,1.8518985326284971,177.86678884055652,0.01632528193295002,0.0,0.2332183133278574,628.3187229082661,0.8615801578097874,0.521915609038041,56.17368005731009
estimated_posterior,8,0.24479999999999896,1121.60693359375,1604.1660658707156,5495.347172379032,608.0972290039062,1121.60693359375,1121.60693359375,73.60270768668683,0.0,2.2225555958322687,308.85459735791426,0.011443917639553547,0.0,0.1634845377079078,5084.335572549143,0.8310841030544704,0.5093440024661579,45.06504017681477
estimated_posterior,9,0.2719999999999996,1027.6129150390625,13593.496515561996,5684.98222735005,718.1040649414062,1121.60693359375,1027.6129150390625,74.12825231305773,0.0,2.6195915921913913,1236.9846480943697,0.008265442214906216,0.0,0.11807774592723164,7586.216083196824,0.8005266486273872,0.4924123011294598,40.46927138185208
estimated_posterior,10,0.29920000000000035,985.9734497070312,18751.89556451613,5814.389839969758,815.3589477539062,1121.60693359375,985.9734497070312,75.35732406332967,0.0,2.9610941002839684,1648.5460505195183,0.006298245396465063,0.0,0.08997493423521517,7779.920559948337,0.7735114034016927,0.48085805000270015,41.89190639272121
estimated_posterior,11,0.32640000000000113,966.6962890625,19111.632449911795,5925.078112399193,885.7385864257812,1121.60693359375,966.6962890625,77.24698729160004,0.0,3.1947636116030655,1692.5470855915194,0.005552380345761776,0.0,0.07931971922516821,7939.441893743699,0.7539615037706163,0.47097516853578636,43.50444349113726
estimated_posterior,12,0.3536000000000019,947.5059814453125,19312.661885868194,5954.37794921875,923.2026977539062,1121.60693359375,947.5059814453125,79.74468414043362,0.0,3.300161719214127,1715.177660118319,0.005060684867203236,0.0,0.07229549810290337,8031.410825982863,0.7435548061794705,0.46835911167689737,44.09890245375716
estimated_posterior,13,0.3808000000000027,901.2820434570312,19437.18619235131,5929.961418535786,931.2824096679688,1121.60693359375,901.2820434570312,82.71031621482156,0.0,3.294122486001962,1723.9473817197547,0.005882379598915577,0.0,0.08403399427022253,8094.079921402469,0.7413104417588976,0.4705391590593048,44.670580366611475
estimated_posterior,14,0.40800000000000347,862.99609375,19543.80504300025,5902.2893504284275,923.5635375976562,1121.60693359375,862.99609375,86.09147666685216,0.0,3.22821060018201,1727.16352536313,0.0070440806448459625,0.0,0.10062972349779946,8166.515629095262,0.74345457288954,0.4730098794260333,45.027246267994656
estimated_posterior,15,0.43520000000000425,857.2379150390625,19676.468193044355,5862.409016979586,920.0857543945312,1121.60693359375,857.2379150390625,89.96490105107672,0.0,3.173093540146985,1733.0153206023667,0.008018441498279572,0.0,0.11454916426113673,8238.951336788054,0.7444206237792969,0.4765706234839655,45.28367278800494
estimated_posterior,16,0.46240000000000503,852.5928955078125,19773.32043142011,5843.689676789314,939.5179443359375,1121.60693359375,852.5928955078125,94.3064395636194,0.0,3.192311883249991,1741.5116854719956,0.008071260526776314,0.0,0.11530372181109018,8334.989690807712,0.7390227932400174,0.4782419931438113,45.51622159424121
estimated_posterior,17,0.4896000000000058,838.0830688476562,19914.1224250252,5887.639432018649,987.2218627929688,1121.60693359375,838.0830688476562,99.0322915290209,0.0,3.3013888157197884,1759.9703516944037,0.008260810747742653,0.0,0.11801158211060932,8438.353004032258,0.7257717047797309,0.4743179078554778,46.98692001742373
estimated_posterior,18,0.5168000000000066,838.9038696289062,20105.385248708415,6000.769357516381,1060.202880859375,1121.60693359375,838.9038696289062,104.1988817836383,0.0,3.4852293823139204,1787.8620626943896,0.008719096891582012,0.0,0.12455852702260016,8522.996977066532,0.7054991997612847,0.4642170216503231,49.81920016017722
estimated_posterior,19,0.5440000000000074,821.7474365234375,20238.862283108618,6069.135643428679,1147.370361328125,1121.60693359375,821.7474365234375,109.66484985165802,0.0,3.7052005155824492,1813.6803614025075,0.010215802118182182,6.14912551100133e-07,0.14594003025974545,8578.341113281249,0.6812860107421875,0.45811288897958224,53.67491002319127
estimated_posterior,20,0.5712000000000081,817.1576538085938,20324.320140498992,6183.8933376386085,1234.0760498046875,1121.60693359375,817.1576538085938,115.48109926101928,0.0,3.9117273671715314,1835.234428533352,0.01155599020421505,0.0,0.16508557434592927,8610.082603169103,0.6572010972764757,0.4478666662822671,57.723057045108405
estimated_posterior,21,0.5984000000000089,806.7967529296875,20385.3614672064,6296.209378780241,1314.6458740234375,1121.60693359375,806.7967529296875,121.57787375158763,0.0,4.0881104744133445,1852.8325101772452,0.015493206679821014,1.053363916980743e-06,0.22133152399744305,8649.149052261844,0.6348205905490452,0.43783844832319274,63.6088029932927
estimated_posterior,22,0.6256000000000097,811.4718017578125,20401.639154328375,6365.389549048638,1384.343994140625,1121.60693359375,811.4718017578125,128.04443767635996,0.0,4.219989230563886,1863.6991546758707,0.020391114056110382,3.7716058614023495e-06,0.2913016293730054,8676.821120369203,0.6154600016276042,0.4316616474063716,69.72552957041772
estimated_posterior,23,0.6528000000000105,808.9243774414062,20408.150229177165,6393.875501512097,1450.2645263671875,1121.60693359375,808.9243774414062,134.80234320384363,0.0,4.3317036329228955,1872.1775982207782,0.021969188004732132,5.540922757063527e-06,0.3138455429247447,8726.468066091229,0.5971487426757812,0.4291182587935628,72.83777360647318
estimated_posterior,24,0.6800000000000113,818.3143920898438,20424.42791629914,6463.055671780494,1522.09716796875,1121.60693359375,818.3143920898438,141.93198078107628,0.0,4.451461850663453,1882.1957254618665,0.02673686295747757,1.0667576134437695e-05,0.38195518510682236,8782.626086662045,0.5771952311197917,0.42294145787674164,78.84025209025273
estimated_posterior,25,0.707200000000012,823.0343017578125,20435.008412928426,6580.25501905872,1605.54248046875,1121.60693359375,823.0343017578125,149.3755205927929,0.0,4.5954635795449885,1893.7716865896625,0.031299129128456116,2.0449360818020068e-05,0.4471304161208016,8844.481297725553,0.5540159776475695,0.4124772304411857,85.2683518988962
estimated_posterior,26,0.7344000000000128,824.84912109375,20443.961140845513,6706.407094254032,1703.22119140625,1121.60693359375,824.84912109375,157.08665683107859,0.0,4.769769911094623,1907.4005715067415,0.03508581593632698,2.2025789803592488e-05,0.5012259419475282,8905.522624432962,0.5268830023871528,0.4012136522987471,91.53643260789782
estimated_posterior,27,0.7616000000000136,832.4850463867188,20451.2861000504,6852.092393995716,1809.0849609375,1121.60693359375,832.4850463867188,165.10030767958517,0.0,4.955035432413732,1921.7916800997941,0.038986194878816605,8.340484782820567e-05,0.5569456411259515,8952.727917086693,0.49747639973958335,0.3882060362503825,98.26915813897739
estimated_posterior,28,0.7888000000000144,832.3632202148438,20458.61105925529,6993.708271956905,1914.9296875,1121.60693359375,832.3632202148438,173.32148168915512,0.0,5.12943878513388,1935.3979954574572,0.0392971932888031,0.00018196953169535846,0.5613884755543299,9008.88593765751,0.46807508680555554,0.37556176143241915,102.13512813768156
estimated_posterior,29,0.8160000000000152,834.3276977539062,20461.866596679687,7081.607782415575,2017.1331787109375,1121.60693359375,834.3276977539062,181.7487692172482,0.0,5.283928440285327,1946.982822413137,0.0422329381108284,0.0005031760083511472,0.6033276872975485,9060.160652091734,0.4396852281358507,0.3677135908557523,107.66271495192686
estimated_posterior,30,0.8432000000000159,846.7515258789062,20465.93601846018,7261.476225113407,2116.641357421875,1121.60693359375,846.7515258789062,190.46824949292125,0.0,5.42077713148415,1957.9456017491452,0.04563763737678528,0.0009275838383473456,0.6519662482397897,9121.201978799143,0.4120440673828125,0.3516539084720172,113.9932279172282
estimated_posterior,31,0.8704000000000167,862.9122314453125,20469.191555884576,7372.978381898941,2217.3359375,1121.60693359375,862.9122314453125,199.50085998978386,0.0,5.550265742999157,1967.921898889479,0.04774189740419388,0.001483313855715096,0.6820271057741982,9178.173883726058,0.3840733506944444,0.34169835875902316,118.94832771948478
estimated_posterior,32,0.8976000000000175,870.951904296875,20474.888746377266,7569.12451171875,2323.3798828125,1121.60693359375,870.951904296875,208.74219118986287,0.0,5.684218397051353,1978.901641779259,0.05237612873315811,0.002195734763517976,0.7482304104736872,9236.773557365172,0.35461669921875,0.324185311453683,126.52702351627546
estimated_posterior,33,0.9248000000000183,879.9502563476562,20478.144283801663,7706.670967899445,2435.12451171875,1121.60693359375,879.9502563476562,218.18124996063045,0.0,5.823131744782923,1989.693887477331,0.0543893501162529,0.0033214716240763664,0.77699071594647,9293.745462292087,0.32357652452256946,0.311904377866121,131.86868870777081
estimated_posterior,34,0.952000000000019,893.5396728515625,20481.399821226056,7918.280900485131,2548.510498046875,1121.60693359375,893.5396728515625,227.84580870831917,0.0,5.956609708859633,2000.5500101179944,0.058223702013492584,0.0041545783169567585,0.8317671716213225,9360.483979492186,0.2920804172092014,0.2930106338852562,139.09225156698048
estimated_posterior,35,0.9792000000000198,911.9652709960938,20483.027589938254,8099.7771118951605,2659.15380859375,1121.60693359375,911.9652709960938,237.76649004553212,0.0,6.0743658298678165,2010.0028080286816,0.05922573059797287,0.0060332296416163445,0.8460818656853266,9410.130925214213,0.2613461642795139,0.2768056150093607,143.8821938960976
estimated_posterior,36,1.0064000000000197,935.3163452148438,20488.724780430948,8298.364894783266,2767.253662109375,1121.60693359375,935.3163452148438,247.97433554015254,0.0,6.17725937083586,2018.822946939266,0.06195324659347534,0.007577524520456791,0.8850463799067905,9471.172251921622,0.2313184271918403,0.2590745629657798,150.02793095310972
estimated_posterior,37,1.0336000000000167,964.6163940429688,20492.79420221144,8505.091521232358,2876.12744140625,1121.60693359375,964.6163940429688,258.51014871884684,0.0,6.272767242868289,2027.052800076186,0.06413372606039047,0.00944507960230112,0.9161960865770067,9522.446966355847,0.2010757107204861,0.24061682846139662,155.83700242380635
estimated_posterior,38,1.0608000000000137,1000.709228515625,20496.863623991936,8702.051535408265,2987.551513671875,1121.60693359375,1000.709228515625,269.42177697331783,0.0,6.364322364707185,2034.9473159281108,0.06554100662469864,0.011728713288903236,0.9363000946385519,9554.188456243699,0.17012457953559026,0.2230311129099763,161.10155377180365
estimated_posterior,39,1.0880000000000107,1040.493896484375,20501.746930128527,8945.402957881804,3099.901123046875,1121.60693359375,1040.493896484375,280.72007918149313,0.0,6.44845359554146,2042.6615027853309,0.06599245220422745,0.01311144232749939,0.9427493172032492,9572.093912077873,0.13891635470920138,0.20130330733198173,165.94462721848507
estimated_posterior,40,1.1152000000000077,1086.196533203125,20504.188583196825,9209.91537361391,3209.138427734375,1121.60693359375,1086.196533203125,292.4361800906728,0.0,6.516861590355674,2049.2188549647317,0.06861329078674316,0.015374775044620037,0.9801898683820451,9623.368626512096,0.10857265896267361,0.17768612735590084,172.44515702033135
estimated_posterior,41,1.1424000000000047,1126.9359130859375,20505.002467552924,9465.475061428931,3315.5244140625,1126.9359130859375,1126.9359130859375,304.4799720773873,0.0,6.572162618090809,2054.68288110475,0.06870189309120178,0.017925504595041275,0.9814556155885968,9704.757062121975,0.07902099609375,0.15486829808670255,176.74962721705722
estimated_posterior,42,1.1696000000000017,1176.1014404296875,20505.81635190902,9733.243014585432,3421.490478515625,1176.1014404296875,1176.1014404296875,316.9009772027558,0.0,6.619237783281528,2059.644301193132,0.07180805504322052,0.01975700818002224,1.025829357760293,9804.050953566028,0.049585978190104164,0.13096044512630067,182.01884586386498
estimated_posterior,43,1.1967999999999988,1230.2073974609375,20506.63023626512,10004.26650516633,3527.525390625,1230.2073974609375,1230.2073974609375,329.70524973235945,0.0,6.659411800066789,2064.142128125589,0.07245895266532898,0.022104453295469284,1.0351278952189853,9887.881042244204,0.0201318359375,0.1067619191815777,186.32758905383693
estimated_posterior,44,1.2239999999999958,1299.4075927734375,20507.444120621218,10258.198424269152,3630.530029296875,1299.4075927734375,1299.4075927734375,342.9959495561626,0.0,6.686108860046599,2067.5939602815215,0.07282281666994095,0.023734020069241524,1.0403259524277277,9931.016913117439,0.008480563693576389,0.08408942640453997,188.8585886315537
estimated_posterior,45,1.2511999999999928,1350.6279296875,20508.258004977317,10560.149520381803,3729.087890625,1350.6279296875,1350.6279296875,356.53135831111206,0.0,6.700588987369093,2070.4786928484286,0.06844164431095123,0.026542911306023598,0.9777377758707319,9932.644681829637,0.035857747395833334,0.05712950710876758,186.64477326666292
estimated_posterior,46,1.2783999999999898,1416.6881103515625,20509.071889333416,10853.961772933468,3825.60546875,1416.6881103515625,1416.6881103515625,370.3976997032215,0.0,6.706909005314127,2072.7433449856317,0.07105474919080734,0.028996847569942474,1.015067845582962,9952.177906376008,0.06266818576388888,0.030896270273797523,186.84447908987426
estimated_posterior,47,1.3055999999999868,1500.9814453125,20510.699658045614,11171.376671811995,3920.454345703125,1500.9814453125,1500.9814453125,384.6978597666522,0.0,6.70509440083763,2074.641178699755,0.07166364043951035,0.0314563550055027,1.0237662919930048,9975.780552702872,0.08901509602864584,0.002555654302500443,185.9929214857157
estimated_posterior,48,1.3327999999999838,1570.0693359375,20511.513542401713,11449.725121597781,4011.17041015625,1570.0693359375,1570.0693359375,399.20488156627755,0.0,6.6941550937825225,2075.604818388704,0.0741666853427887,0.035549432039260864,1.0595240763255527,10022.171961000504,0.11421400282118055,0.022296885856944754,182.07387223467927
estimated_posterior,49,1.3599999999999808,1643.630859375,20511.513542401713,11791.556551159274,4099.21044921875,1643.630859375,1643.630859375,413.87481084086824,0.0,6.677600020114473,2076.4951914177964,0.07410982996225357,0.03874193876981735,1.0587118566036224,10058.79675702495,0.13866956922743057,0.05281754921064947,177.55291048600236
estimated_posterior,50,1.3871999999999778,1748.9029541015625,20511.513542401713,12104.088143901208,4183.2685546875,1748.9029541015625,1748.9029541015625,428.8872247021419,0.0,6.651858060352251,2076.5666423012294,0.07400989532470703,0.04222799465060234,1.057284218924386,10073.446675434727,0.16201904296875,0.08072215570546502,173.36753889368293
estimated_posterior,51,1.4143999999999748,1814.6832275390625,20510.699658045614,12401.155933877268,4262.36083984375,1814.6832275390625,1814.6832275390625,443.79616382734014,0.0,6.6206682787673055,2076.1029339307365,0.07218440622091293,0.04586927592754364,1.031205803155899,10093.793784337196,0.18398912217881944,0.10724606552475605,169.39560906216593
estimated_posterior,52,1.4415999999999718,1900.838623046875,20511.513542401713,12753.567860068044,4338.86669921875,1900.838623046875,1900.838623046875,458.6617609093656,0.0,6.587397290573537,2075.9476937693753,0.07101789116859436,0.04976215586066246,1.0145413024084908,10110.071471459172,0.20524074978298612,0.13871141607750392,165.1845042980157
estimated_posterior,53,1.4687999999999688,1989.442626953125,20513.14131111391,13049.007881331905,4403.70849609375,1989.442626953125,1989.442626953125,473.38050602599026,0.0,6.539702971329826,2074.5020479538994,0.06744977086782455,0.05398976802825928,0.9635681552546363,10126.349158581148,0.22325236002604168,0.16508998940463437,159.6242903286467
estimated_posterior,54,1.4959999999999658,2065.24951171875,20513.14131111391,13369.678317634827,4472.18994140625,2065.24951171875,2065.24951171875,487.73280208454446,0.0,6.502801564576927,2073.8412498234866,0.06484583020210266,0.05851154029369354,0.9263690028871808,10145.068498771421,0.24227498372395834,0.19372127836025244,153.76824244605413
estimated_posterior,55,1.5231999999999628,2128.061767578125,20509.885773689515,13629.307427230342,4521.1064453125,2128.061767578125,2128.061767578125,501.50902458265693,0.0,6.444830054755468,2071.0952003400284,0.054836101830005646,0.06412936747074127,0.7833728832857949,10156.462879756804,0.25586290147569446,0.21690244885985197,143.00940205786688
estimated_posterior,56,1.5503999999999598,2201.359619140625,20509.885773689515,13937.769598191784,4573.33837890625,2201.359619140625,2201.359619140625,514.6527187312305,0.0,6.39938568627514,2069.7632903288763,0.043137095868587494,0.06990846246480942,0.616244226694107,10163.787838961693,0.2703717719184028,0.24444371412426644,130.55794426085404
estimated_posterior,57,1.5775999999999568,2202.751953125,20507.444120621218,14129.032421875,4602.21630859375,2202.751953125,2202.751953125,526.6379141320059,0.0,6.333575800391941,2066.1196130555813,0.03881581500172615,0.07728294283151627,0.5545116428818021,10167.857260742187,0.2783934190538194,0.2615207519531249,125.24030642430859
estimated_posterior,58,1.6047999999999538,2257.1083984375,20507.444120621218,14360.175579007057,4630.02197265625,2257.1083984375,2257.1083984375,537.6625836556478,0.0,6.27661220081296,2063.5176970675025,0.035970840603113174,0.08400804549455643,0.5138691514730453,10158.9045328251,0.2861172146267361,0.28215853383991574,120.9135158366866
estimated_posterior,59,1.6319999999999508,2189.030029296875,20509.071889333416,14553.06617140247,4652.72802734375,2257.1083984375,2189.030029296875,547.0772356929075,0.0,6.227907644687348,2061.386674588252,0.03216150030493736,0.09299982339143753,0.459450004356248,10179.25164172757,0.29242445203993056,0.2993809081609348,116.11941690082088
estimated_posterior,60,1.6591999999999478,2154.1513671875,20509.071889333416,14590.504851783013,4645.61865234375,2257.1083984375,2154.1513671875,555.0268339902678,0.0,6.152918602630263,2056.3611197747437,0.032712582498788834,0.10593295842409134,0.46732260712555473,10140.185192634828,0.29044962565104165,0.30272364748062613,116.63028075897358
estimated_posterior,61,1.6863999999999448,2047.13232421875,20498.49139270413,14623.874110383063,4634.83251953125,2257.1083984375,2047.13232421875,561.2767484444186,0.0,6.08823601798163,2051.2392671640087,0.030993089079856873,0.1177605614066124,0.4427584154265267,10121.465852444557,0.28745347764756946,0.3057030455699164,115.43200249054607
estimated_posterior,62,1.7135999999999418,1916.6976318359375,20434.194528572327,14599.4575797001,4597.77880859375,2257.1083984375,1916.6976318359375,565.8551942541081,0.0,6.0034571066292495,2040.3354299618618,0.03394423425197601,0.12930527329444885,0.48491763217108586,10086.468825132308,0.27716078016493056,0.3035229981875089,119.00922480789782
estimated_posterior,63,1.7407999999999388,1819.9517822265625,19873.428207220262,14499.34980389995,4549.30615234375,2257.1083984375,1819.9517822265625,568.9445272403456,0.0,5.91629953940981,1991.5759087803372,0.03596855327486992,0.1418505609035492,0.5138364753552845,9932.644681829637,0.26369615342881947,0.29458480391963837,122.91176684230811
estimated_posterior,64,1.7679999999999358,1673.355224609375,19232.087334614414,14315.411939421623,4486.6640625,2257.1083984375,1673.355224609375,570.583450709578,0.0,5.822424629504482,1935.8002757838394,0.042602356523275375,0.15664376318454742,0.6086050931896482,9605.463170677924,0.24629557291666668,0.2781617803055021,131.74954918721153
estimated_posterior,65,1.7951999999999328,1538.224609375,18472.733230374244,14046.016217552922,4395.4365234375,2257.1083984375,1538.224609375,571.1086750722079,0.0,5.700151827530541,1868.6731844695148,0.048509493470191956,0.16921447217464447,0.6929927638598851,9219.681985887097,0.22095458984375,0.25410859085293946,141.45287965775987
estimated_posterior,66,1.8223999999999299,1367.54443359375,17399.21976467994,13649.654536132812,4284.16259765625,2257.1083984375,1367.54443359375,575.6565148541904,0.0,5.523272886403328,1773.3994328342426,0.05237063020467758,0.18433494865894318,0.7481518600668225,8693.098807491178,0.190045166015625,0.21871915501185818,151.19434360761403
estimated_posterior,67,1.8495999999999269,1147.22314453125,16166.99884954637,13175.973840883316,4168.11962890625,2257.1083984375,1147.22314453125,584.2497565550711,0.0,5.3147860028867715,1663.545666992565,0.05425693094730377,0.1994868516921997,0.775099013532911,8085.127193485383,0.1578110080295139,0.17642623579315325,160.1688216310903
estimated_posterior,68,1.8767999999999239,932.716552734375,15190.337622227822,12647.762893775202,4053.939697265625,2257.1083984375,932.716552734375,594.3530226595703,0.0,5.103448443731787,1572.3319677282436,0.05837046727538109,0.2225375771522522,0.8338638182197298,7554.474593308972,0.1260943603515625,0.12926454408707155,170.9646921179968
estimated_posterior,69,1.9039999999999209,747.69091796875,14229.140197675151,12105.715912613407,3948.221923828125,2257.1083984375,747.69091796875,604.3349935973778,0.0,4.908678542220019,1483.3547880574865,0.055041488260030746,0.2476644217967987,0.7863069751432963,7009.172074722782,0.09672831217447916,0.08086749219762558,175.79473523578076
estimated_posterior,70,1.9311999999999179,553.8695068359375,13518.619154800906,11664.590591607863,3856.758056640625,2257.1083984375,553.8695068359375,612.6681928621073,0.0,4.745796735390425,1416.0162314539014,0.053129106760025024,0.2761914134025574,0.7589872394289289,6618.507583795363,0.07132168240017361,0.041481302822130604,180.36957628564684
estimated_posterior,71,1.9583999999999149,434.0657043457031,12965.991677009828,11216.954195753528,3768.6865234375,2257.1083984375,434.0657043457031,619.5772764776235,0.0,4.598329689708515,1361.5598299566768,0.0455620251595974,0.30102020502090454,0.6508860737085341,6296.209378780241,0.04685736762152778,0.0015137674779935294,180.27407895879645
gt_property_controller,0,0.027199999999999985,33.194183349609375,0.0,4543.916360099546,6.713260173797607,33.194183349609375,33.194183349609375,0.19392042729577952,0.0,0.03353378643801351,29.610839940806944,0.00041919888462871313,0.0,0.005988555494695901,0.0,0.9981352055072784,0.5942931821339691,26.88679316277244
gt_property_controller,1,0.05440000000000004,74.56097412109375,0.0,4545.544128811744,27.197816848754883,74.56097412109375,74.56097412109375,1.3582734650617567,0.0,0.13507176229078094,36.72812514040932,0.0023009174037724733,0.0,0.03287024862532104,0.0,0.9924450508753458,0.5941478456418086,28.943748620140518
gt_property_controller,2,0.08159999999999995,100.7332992553711,0.0,4563.449584645917,67.5999984741211,100.7332992553711,100.7332992553711,3.6273283142986656,0.0,0.3319790080915884,50.618792794888975,0.007005981635302305,0.0,0.10008545193289006,0.0,0.9812222226460775,0.5925491442280432,33.866783216878396
gt_property_controller,3,0.10879999999999979,178.45486450195312,0.0,4644.024135899697,128.95755004882812,178.45486450195312,178.45486450195312,8.368846149909173,0.0,0.6188907431778489,71.18549257630963,0.013821128755807877,0.0,0.19744469651154106,0.0,0.96417845831977,0.5853549878660984,41.39353826486136
gt_property_controller,4,0.13599999999999962,360.81005859375,11.394380985383064,4767.734558026714,207.09817504882812,360.81005859375,360.81005859375,18.38114283656511,0.0,0.9483335985828177,95.84213208572085,0.02072862535715103,0.0,0.29612321938787184,12.208265341481855,0.9424727291531033,0.5743094144619005,49.67887154764538
gt_property_controller,5,0.16319999999999946,611.764892578125,42.32198651713709,4945.16134765625,296.5501403808594,611.764892578125,611.764892578125,34.32636163312483,0.0,1.2655432291700741,121.42902395323199,0.023942872881889343,0.0,0.34204104116984774,30.927605531754033,0.9176249610053169,0.5584677368164063,55.67203925691414
gt_property_controller,6,0.1903999999999993,892.6685791015625,91.96893223916331,5098.171606602822,393.7757263183594,892.6685791015625,892.6685791015625,53.5314718853561,0.0,1.553163098017354,146.20169264214275,0.02176489494740963,0.0,0.31092707067728037,85.45785739037298,0.8906178538004558,0.5448061065533195,57.41316193776315
gt_property_controller,7,0.21759999999999913,1102.1474609375,213.23770129788306,5353.731294417843,498.1627502441406,1102.1474609375,1102.1474609375,69.07112757814916,0.0,1.8514165928094755,177.70608832520216,0.01629362441599369,0.0,0.23276606308562411,628.3187229082661,0.8616214582655165,0.5219882772841211,56.13995281241913
gt_property_controller,8,0.24479999999999896,1121.768310546875,1597.6549910219253,5495.347172379032,607.8749389648438,1121.768310546875,1121.768310546875,73.59309547607204,0.0,2.2218211973043283,308.31486000076444,0.011545459739863873,0.0,0.16493513914091246,5070.499538495464,0.8311458502875434,0.5093440024661579,45.173238617456924
gt_property_controller,9,0.2719999999999996,1026.9334716796875,13601.635359122984,5685.796111706149,717.6764526367188,1121.768310546875,1026.9334716796875,74.11829261964935,0.0,2.618126815901794,1237.4974115224718,0.008113192394375801,0.0,0.11590274849108285,7579.7050083480335,0.8006454298231337,0.49233963288337956,40.358769526406434
gt_property_controller,10,0.29920000000000035,985.46533203125,18748.640027091733,5813.575955613659,814.7991333007812,1121.768310546875,985.46533203125,75.34673097245881,0.0,2.9591748934992093,1648.16265870279,0.0063301557675004005,0.0,0.09043079667857715,7771.781716387349,0.7736669074164496,0.4809307182487804,41.91705209853769
gt_property_controller,11,0.32640000000000113,966.155029296875,19110.818565555695,5922.636459330897,885.1838989257812,1121.768310546875,966.155029296875,77.23533616555555,0.0,3.1928970930212857,1692.3407394438127,0.005502403248101473,0.0,0.07860576068716389,7935.3724719632055,0.7541155836317275,0.47119317327402704,43.44577103190149
gt_property_controller,12,0.3536000000000019,946.4851684570312,19315.91742329259,5952.750180506552,922.94873046875,1121.768310546875,946.4851684570312,79.7303420747708,0.0,3.2994230215542704,1715.3603516977334,0.005510151851922274,0.0,0.07871645502746104,8035.480247763357,0.7436253526475695,0.46850444816905784,44.42538001135626
gt_property_controller,13,0.3808000000000027,899.3517456054688,19438.00007670741,5929.147534179687,931.6107788085938,1121.768310546875,899.3517456054688,82.68962258222886,0.0,3.2955252134789856,1724.101733146953,0.005860866513103247,0.0,0.08372666447290351,8091.638268334173,0.741219228108724,0.4706118273053851,44.66417928945184
gt_property_controller,14,0.40800000000000347,860.927001953125,19544.61892735635,5903.103234784526,924.633544921875,1121.768310546875,860.927001953125,86.06267647224153,0.0,3.2322760743364505,1727.5140366428084,0.006924334913492203,0.0,0.09891907019274575,8162.446207314768,0.7431573486328125,0.4729372111799531,44.97777975233589
gt_property_controller,15,0.43520000000000425,855.0598754882812,19677.282077400454,5868.106207472278,921.5618896484375,1121.768310546875,855.0598754882812,89.92625939780241,0.0,3.178607869334042,1733.4965527521229,0.007948571816086769,0.0,0.11355102594409669,8236.509683719758,0.7440105862087674,0.47606194576140376,45.30894712225793
gt_property_controller,16,0.46240000000000503,850.0709838867188,19770.064893995714,5847.759098569808,940.98974609375,1121.768310546875,850.0709838867188,94.2549559356044,0.0,3.1978722094987546,1741.681165711298,0.008080345578491688,0.0,0.11543350826416696,8330.106384671119,0.7386139594184028,0.47787865191341,45.60006867663945
gt_property_controller,17,0.4896000000000058,836.55712890625,19912.494656313003,5887.639432018649,988.4910888671875,1121.768310546875,836.55712890625,98.97220330494706,0.0,3.3062976354993836,1760.1918936361474,0.008124472573399544,0.0,0.11606389390570776,8436.72523532006,0.7254191419813368,0.4743179078554778,46.91912286777404
gt_property_controller,18,0.5168000000000066,837.4995727539062,20107.013017420613,6003.211010584677,1060.9619140625,1121.768310546875,837.4995727539062,104.13014486117167,0.0,3.4885128356704147,1788.2286452495996,0.008515812456607819,0.0,0.12165446366582597,8523.810861422631,0.7052883572048612,0.46399901691208245,49.69269652829238
gt_property_controller,19,0.5440000000000074,819.9249267578125,20234.792861328126,6069.135643428679,1147.766845703125,1121.768310546875,819.9249267578125,109.58399025044632,0.0,3.707448969743584,1813.5325562634023,0.010426986962556839,0.0,0.14895695660795483,8580.782766349546,0.6811758761935763,0.45811288897958224,53.84575029453316
gt_property_controller,20,0.5712000000000081,815.5735473632812,20317.8090656502,6184.707221994708,1234.277587890625,1121.768310546875,815.5735473632812,115.38896453054217,0.0,3.9135091163631945,1834.875714725413,0.011558277532458305,0.0,0.16511825046369005,8615.779793661794,0.6571451144748264,0.4477939980361868,57.720932971513676
gt_property_controller,21,0.5984000000000089,802.6925659179688,20378.85039235761,6297.023263136341,1314.975830078125,1121.768310546875,802.6925659179688,121.45472463912806,0.0,4.09070307351788,1852.5305595849336,0.015605875290930271,6.905075906615821e-07,0.22294107558471815,8650.776820974042,0.6347289360894097,0.4377657800771125,63.7071477907711
gt_property_controller,22,0.6256000000000097,806.5587768554688,20399.19750126008,6365.389549048638,1384.954345703125,1121.768310546875,806.5587768554688,127.8821370006222,0.0,4.2239396094350115,1863.7925766928086,0.020145418122410774,6.67572021484375e-06,0.28779168746301104,8687.401616998488,0.6152904595269097,0.4316616474063716,69.52298573386425
gt_property_controller,23,0.6528000000000105,803.635498046875,20412.21965095766,6396.3171545803925,1451.0806884765625,1121.768310546875,803.635498046875,134.59585824056154,0.0,4.3368160505838995,1872.855348787191,0.021981721743941307,7.090512553986628e-06,0.3140245963420186,8725.65418173513,0.5969220309787326,0.4289002540553221,72.88649773300399
gt_property_controller,24,0.6800000000000113,812.8453369140625,20425.24180065524,6464.683440492691,1522.9765625,1121.768310546875,812.8453369140625,141.67784618377806,0.0,4.457346531272728,1882.6784915396481,0.026539131999015808,1.1080363947257865e-05,0.3791304571287972,8768.790052608367,0.5769509548611111,0.4227961213845811,78.75335663445406
gt_property_controller,25,0.707200000000012,817.2849731445312,20432.56675986013,6581.882787770917,1606.3653564453125,1121.768310546875,817.2849731445312,149.06938894466435,0.0,4.601851114191966,1894.0454933828994,0.0315718837082386,1.8995058781001717e-05,0.45102691011769425,8831.459148027974,0.5537874009874132,0.41233189394902525,85.5475189809753
gt_property_controller,26,0.7344000000000128,819.0175170898438,20443.147256489414,6706.407094254032,1703.8856201171875,1121.768310546875,819.0175170898438,156.72600819091855,0.0,4.776454704713522,1907.8075090111936,0.035747088491916656,2.1954681869829074e-05,0.5106726927416665,8888.43105295489,0.5266984388563368,0.4012136522987471,92.1171891833522
gt_property_controller,27,0.7616000000000136,826.429931640625,20452.0999844065,6852.092393995716,1809.579345703125,1121.768310546875,826.429931640625,164.68137141536096,0.0,4.962083307628207,1922.3461229638665,0.039079517126083374,9.128294186666608e-05,0.5582788160869053,8947.8446109501,0.49733907063802085,0.3882060362503825,98.36842393732758
gt_property_controller,28,0.7888000000000144,825.9530639648438,20460.23882796749,6992.080503244707,1915.3099365234375,1121.768310546875,825.9530639648438,172.839232908616,0.0,5.137093329963174,1936.046187506503,0.039561253041028976,0.00018614670261740685,0.5651607577289853,9005.630400233114,0.46796946207682294,0.37570709792457974,102.35185810173142
gt_property_controller,29,0.8160000000000152,829.136474609375,20463.494365391885,7081.607782415575,2017.4788818359375,1121.768310546875,829.136474609375,181.21408548797223,0.0,5.292246426974145,1947.6872282968166,0.04183987155556679,0.000528665550518781,0.5977124507938112,9062.60230516003,0.43958919949001735,0.3677135908557523,107.3573756761339
gt_property_controller,30,0.8432000000000159,841.0643920898438,20470.005440240675,7262.290109469505,2117.0283203125,1121.768310546875,841.0643920898438,189.87500212439187,0.0,5.430018105231199,1958.9026310407967,0.0453546904027462,0.0009734891355037689,0.64792414861066,9110.621482169858,0.41193657769097225,0.351581240225937,113.81283608437852
gt_property_controller,31,0.8704000000000167,855.2581176757812,20474.074862021167,7374.606150611139,2217.6826171875,1121.768310546875,855.2581176757812,198.82749250490957,0.0,5.560505880020797,1969.0148038576096,0.04832034185528755,0.0015912550734356046,0.6902905979326792,9177.359999369959,0.38397705078125,0.34155302226686257,119.42393136240139
gt_property_controller,32,0.8976000000000175,864.7424926757812,20477.330399445564,7565.055089938256,2323.67626953125,1121.768310546875,864.7424926757812,208.00293805841608,0.0,5.6952439621857724,1979.832227498484,0.05266842246055603,0.002401607343927026,0.7524060351508004,9231.890251228579,0.3545343695746528,0.3245486526840843,126.75350692329182
gt_property_controller,33,0.9248000000000183,873.939697265625,20481.399821226056,7707.484852255544,2435.43896484375,1121.768310546875,873.939697265625,217.37752270691232,0.0,5.835098519557666,1990.7807067717993,0.05436384677886963,0.0032722242176532745,0.7766263825552804,9283.164965662801,0.3234891764322917,0.3118317096200407,131.88855985785162
gt_property_controller,34,0.952000000000019,883.065673828125,20484.655358650452,7915.839247416834,2548.84912109375,1121.768310546875,883.065673828125,226.9287942867664,0.0,5.970197267560496,2001.730764657205,0.05594717711210251,0.004666606429964304,0.79924538731575,9353.972904643397,0.2919863552517361,0.29322863862349696,137.31506700505685
gt_property_controller,35,0.9792000000000198,906.3864135742188,20489.538664787044,8100.59099625126,2659.307373046875,1121.768310546875,906.3864135742188,236.7887868362937,0.0,6.088314199429232,2011.4725251421614,0.059460800141096115,0.005951183382421732,0.8494400020156587,9412.57257828251,0.26130350748697917,0.27673294676328036,144.06977637684383
gt_property_controller,36,1.0064000000000197,932.1729736328125,20493.60808656754,8296.737126071068,2767.149658203125,1121.768310546875,932.1729736328125,246.96232623586326,0.0,6.1910131923353475,2020.1423172333177,0.05990859866142273,0.007380906492471695,0.8558371237346103,9465.475061428931,0.23134731716579862,0.2592198994579404,148.42332897048524
gt_property_controller,37,1.0336000000000167,960.794189453125,20499.30527706023,8505.905405588457,2875.784423828125,1121.768310546875,960.794189453125,257.4563922145949,0.0,6.286466803767126,2028.505109709681,0.06290476769208908,0.009752072393894196,0.8986395384584154,9525.702503780241,0.20117099338107639,0.24054416021531633,154.85844860365904
gt_property_controller,38,1.0608000000000137,996.7609252929688,20503.374698840726,8702.051535408265,2987.092041015625,1121.768310546875,996.7609252929688,268.3249685856877,0.0,6.378246391680668,2036.4104600469204,0.0638437569141388,0.011324886232614517,0.9120536702019827,9568.024490297379,0.17025221082899306,0.2230311129099763,159.72064721331787
gt_property_controller,39,1.0880000000000107,1036.523681640625,20506.63023626512,8942.961304813507,3099.561767578125,1121.768310546875,1036.523681640625,279.5801598373378,0.0,6.463073386166397,2044.0366229612323,0.06540244817733765,0.013387719169259071,0.9343206882476806,9580.23275563886,0.1390106201171875,0.20152131207022259,165.43710866824208
gt_property_controller,40,1.1152000000000077,1081.570068359375,20509.885773689515,9209.91537361391,3209.226318359375,1121.768310546875,1081.570068359375,291.2463580564377,0.0,6.532824652494782,2050.763701380065,0.06924264878034592,0.015378003939986229,0.9891806968620844,9632.321354429183,0.1085482449001736,0.17768612735590084,172.91971217319076
gt_property_controller,41,1.1424000000000047,1121.364501953125,20511.513542401713,9470.358367565525,3315.743408203125,1121.768310546875,1121.364501953125,303.23060724575186,0.0,6.588914427027065,2056.373288104547,0.06879109144210815,0.018000654876232147,0.9827298777444021,9715.33755875126,0.07896016438802084,0.154432288610221,176.82768418059752
gt_property_controller,42,1.1696000000000017,1169.590576171875,20511.513542401713,9733.243014585432,3421.3701171875,1169.590576171875,1169.590576171875,315.5828500386065,0.0,6.635926926063019,2061.239988650048,0.06894886493682861,0.020128481090068817,0.9849837848118372,9811.375912770916,0.04961941189236111,0.13096044512630067,181.1712982602781
gt_property_controller,43,1.1967999999999988,1224.771240234375,20511.513542401713,10004.26650516633,3527.304443359375,1224.771240234375,1224.771240234375,328.330541833298,0.0,6.676321287653916,2065.6922051818806,0.07184169441461563,0.022271206602454185,1.0263099202087946,9892.764348380795,0.02019321017795139,0.1067619191815777,186.3092433644503
gt_property_controller,44,1.2239999999999958,1293.630859375,20512.327426757813,10260.64007733745,3630.724609375,1293.630859375,1293.630859375,341.5621556320635,0.0,6.704169727549628,2069.239290940659,0.07314348220825195,0.024149419739842415,1.0449068886893136,9935.900219254032,0.008534613715277778,0.08387142166629911,188.8551456720277
gt_property_controller,45,1.2511999999999928,1344.0380859375,20511.513542401713,10562.5911734501,3729.4638671875,1344.0380859375,1344.0380859375,355.0315238240815,0.0,6.7193730573933355,2072.052572955504,0.07230086624622345,0.02669421397149563,1.0328695178031921,9943.22517845892,0.03596218532986111,0.05691150237052674,187.84647086678237
gt_property_controller,46,1.2783999999999898,1411.8575439453125,20513.955195470007,10853.961772933468,3825.9130859375,1411.8575439453125,1411.8575439453125,368.8505843204053,0.0,6.725690702257508,2074.4244973857585,0.07272715866565704,0.029295513406395912,1.0389594095093861,9961.944518649194,0.06275363498263889,0.030896270273797523,186.81151763731629
gt_property_controller,47,1.3055999999999868,1497.752197265625,20513.955195470007,11175.446093592489,3921.135498046875,1497.752197265625,1497.752197265625,383.1199786711091,0.0,6.724406025296676,2076.261763595132,0.07352451980113983,0.03210961073637009,1.0503502828734261,9990.430471112652,0.08920430501302083,0.0021923130720991986,185.96099297122984
gt_property_controller,48,1.3327999999999838,1566.7633056640625,20514.769079826106,11455.422312090473,4012.6962890625,1566.7633056640625,1566.7633056640625,397.5964536329935,0.0,6.714725739531996,2077.3233050523045,0.07424068450927734,0.03551597520709038,1.0605812072753906,10040.077416834676,0.11463785807291667,0.02280556357950656,181.95365901795373
gt_property_controller,49,1.3599999999999808,1639.5615234375,20514.769079826106,11795.625972939768,4100.45703125,1639.5615234375,1639.5615234375,412.23006278737154,0.0,6.697575438522848,2078.1622499136615,0.07372437417507172,0.038944583386182785,1.0532053453581673,10068.563369298136,0.1390158420138889,0.05318089044105071,177.47024949669748
gt_property_controller,50,1.3871999999999778,1745.92822265625,20514.769079826106,12110.59921875,4183.45166015625,1745.92822265625,1745.92822265625,427.21694184153745,0.0,6.669863935552261,2078.1104857550954,0.07158719748258591,0.04242059215903282,1.0226742497512271,10083.213287707913,0.16206990559895834,0.0813035016741071,173.3002486120174
gt_property_controller,51,1.4143999999999748,1812.490234375,20516.396848538305,12403.597586945563,4262.5869140625,1812.490234375,1812.490234375,442.1078639370476,0.0,6.6384281418493964,2077.7882661478316,0.07146238535642624,0.04580988362431526,1.0208912193775177,10101.932627898184,0.18405192057291667,0.10746407026299673,169.3548118058681
gt_property_controller,52,1.4415999999999718,1897.7001953125,20517.210732894404,12755.19562878024,4339.287109375,1897.7001953125,1897.7001953125,456.9489167986408,0.0,6.605212366466266,2077.6320105223845,0.06862691789865494,0.049785882234573364,0.9803845414093562,10119.02419937626,0.20535753038194443,0.13885675256966432,164.06214732385132
gt_property_controller,53,1.4687999999999688,1988.333251953125,20519.6523859627,13050.635650044102,4404.04345703125,1988.333251953125,1988.333251953125,471.6594542858307,0.0,6.556958930495558,2076.2082688476416,0.06207645311951637,0.05410182848572731,0.8868064731359481,10136.929655210433,0.22334540473090278,0.1652353258967948,155.35719522806914
gt_property_controller,54,1.4959999999999658,2063.503173828125,20521.2801546749,13371.306086347025,4472.787109375,2063.503173828125,2063.503173828125,485.999614300637,0.0,6.520101492965004,2075.672632672534,0.06016751751303673,0.05874575674533844,0.8595359644719531,10155.648995400705,0.2424408637152778,0.193866614852413,150.03993922052103
gt_property_controller,55,1.5231999999999628,2130.30908203125,20517.210732894404,13635.818502079132,4521.9892578125,2130.30908203125,2130.30908203125,499.79038501553583,0.0,6.461919675721337,2072.8801184338467,0.05117349699139595,0.06457433849573135,0.7310499570199421,10171.92668252268,0.25610812717013887,0.2174837948284939,140.03067154892415
gt_property_controller,56,1.5503999999999598,2203.3173828125,20515.582964182206,13949.977863533266,4576.05126953125,2203.3173828125,2203.3173828125,512.945768415922,0.0,6.418512420234536,2071.6029054190726,0.042958833277225494,0.07029978185892105,0.6136976182460784,10176.809988659274,0.27112535264756943,0.24553373781547017,130.23911580912363
gt_property_controller,57,1.5775999999999568,2202.445556640625,20517.210732894404,14131.474074943295,4603.97900390625,2203.3173828125,2202.445556640625,524.9292967103625,0.0,6.350935221956852,2068.0821234381146,0.03667236492037773,0.07785070687532425,0.5238909274339676,10187.390485288557,0.278883056640625,0.2617387566913656,123.44419994664555
gt_property_controller,58,1.6047999999999538,2253.439453125,20515.582964182206,14352.036735446069,4627.435546875,2253.439453125,2253.439453125,535.9360455574438,0.0,6.287822936257854,2064.8642359389246,0.03392566740512848,0.08448942005634308,0.48465239150183537,10167.043376386087,0.28539876302083333,0.28143185137911325,119.40532644991006
gt_property_controller,59,1.6319999999999508,2187.427490234375,20512.327426757813,14531.091293787802,4645.3046875,2253.439453125,2187.427490234375,545.3438053422228,0.0,6.2324321396447635,2061.815913288055,0.03377271071076393,0.09281101822853088,0.4824672958680561,10177.623873015373,0.29036241319444445,0.29741886551676805,117.72317401217029
gt_property_controller,60,1.6591999999999478,2161.72998046875,20511.513542401713,14562.832783675654,4638.1904296875,2253.439453125,2161.72998046875,553.3213714658718,0.0,6.1569877151661645,2056.6632538792383,0.03053530491888523,0.1042739674448967,0.4362186416983604,10143.440730059223,0.28838623046875,0.3002529271138977,115.2783601589834
gt_property_controller,61,1.6863999999999448,2067.97607421875,20501.746930128527,14635.268491368446,4634.36181640625,2253.439453125,2067.97607421875,559.6349220869974,0.0,6.100775098219481,2052.429731392563,0.03200163319706917,0.11720176786184311,0.4571661885295595,10124.721389868952,0.28732272677951387,0.30672040101503983,116.16323815052442
gt_property_controller,62,1.7135999999999418,1924.0260009765625,20451.2861000504,14627.943532163557,4602.791015625,2253.439453125,1924.0260009765625,564.2308732874312,0.0,6.022775546642783,2043.1406992569619,0.03453131392598152,0.12936870753765106,0.4933044846568788,10097.86320611769,0.27855305989583334,0.3060663868003176,119.13746750923013
gt_property_controller,63,1.7407999999999388,1813.0577392578125,19950.747221049645,14508.302531817035,4547.72216796875,2253.439453125,1813.0577392578125,567.308503768932,0.0,5.926849690353823,1998.167258073941,0.03802322596311569,0.14106808602809906,0.5431889423302241,9956.247328156502,0.2632561577690972,0.29538415462652096,124.45918768013748
gt_property_controller,64,1.7679999999999358,1670.6412353515625,19213.36799442414,14277.973259041079,4475.08984375,2253.439453125,1670.6412353515625,568.9447690932443,0.0,5.819780592339706,1933.9868072275451,0.04278656840324402,0.15610553324222565,0.6112366914749144,9581.04663999496,0.2430805121527778,0.27481904098581056,132.49411255177742
gt_property_controller,65,1.7951999999999328,1515.1834716796875,18430.411243857106,13996.369271830896,4379.29150390625,2253.439453125,1515.1834716796875,569.4621260958108,0.0,5.691367197143833,1864.5864272652052,0.04423408955335617,0.16935691237449646,0.6319155650479452,9165.151734028477,0.21646986219618056,0.24967582784204426,138.96656171321487
gt_property_controller,66,1.8223999999999299,1315.8756103515625,17290.1592609627,13583.72990328881,4262.31396484375,2253.439453125,1315.8756103515625,573.8381385323289,0.0,5.508017442675684,1763.7566844026096,0.051755789667367935,0.18490861356258392,0.7393684238195418,8580.782766349546,0.18397610134548611,0.212833027079358,151.98154949949407
gt_property_controller,67,1.8495999999999269,1103.5086669921875,15963.527760521672,13132.83797001008,4141.36279296875,2253.439453125,1103.5086669921875,582.1039382066854,0.0,5.29515655229231,1646.6527160470628,0.052835360169410706,0.20180471241474152,0.75479085956301,7942.697431168094,0.15037855360243055,0.17257481875089994,160.40153511899373
gt_property_controller,68,1.8767999999999239,915.0089721679688,14884.317104334677,12609.510329038558,4024.426513671875,2253.439453125,915.0089721679688,592.0153942719987,0.0,5.081247842879405,1547.5971519535776,0.04921570420265198,0.22328302264213562,0.7030814886093139,7358.328463489163,0.11789625379774306,0.1258491365212998,165.30384146113056
gt_property_controller,69,1.9039999999999209,746.4467163085938,13899.51703345514,12056.06896689138,3919.472412109375,2253.439453125,746.4467163085938,601.9807546231132,0.0,4.887239986140704,1456.8347526497782,0.04726831614971161,0.24770796298980713,0.6752616592815943,6821.97867282006,0.0887423366970486,0.07643472918673037,171.24195351159523
gt_property_controller,70,1.9311999999999179,567.2213745117188,13145.046235351561,11546.577359973538,3829.09033203125,2253.439453125,567.2213745117188,610.5148383426201,0.0,4.724269255651333,1385.7835179262004,0.04539361968636513,0.2711696922779083,0.6484802812337874,6409.3393042779735,0.06363620334201389,0.03094440714049451,176.26806040882985
gt_property_controller,71,1.9583999999999149,445.85504150390625,12580.210492219001,11066.385589875252,3740.219970703125,2253.439453125,445.85504150390625,617.6115744618519,0.0,4.574568276097266,1330.0597663935498,0.03910854458808899,0.294221431016922,0.5586934941155569,6110.643745589718,0.038949991861979165,0.011929858046852522,175.781092853138
